PlateLocHeight,PlateLocSide,called_strike_prob
6,-2.2,0.00
6,-2.1,0.00
6,-1.7,0.00
6,-1.4,0.00
6,-1.1,0.00
6,-0.7,0.00
6,-0.4,0.00
6,-0.2,0.00
6,0,0.00
6,0.1,0.00
6,0.2,0.00
6,0.3,0.00
6,0.4,0.00
6,0.5,0.00
6,0.6,0.00
6,0.9,0.00
6,1,0.00
6,1.1,0.00
6,1.2,0.00
6,1.3,0.00
6,1.5,0.00
6,1.7,0.00
6,1.9,0.00
6,2.1,0.00
6,2.2,0.00
6,2.3,0.00
6,2.8,0.00
5.9,-3,0.00
5.9,-2.8,0.00
5.9,-2.7,0.00
5.9,-2.6,0.00
5.9,-2.3,0.00
5.9,-2,0.00
5.9,-1.8,0.00
5.9,-1.7,0.00
5.9,-1.5,0.00
5.9,-1.4,0.00
5.9,-1.3,0.00
5.9,-1.2,0.00
5.9,-1.1,0.00
5.9,-1,0.00
5.9,-0.8,0.00
5.9,-0.7,0.00
5.9,-0.5,0.00
5.9,-0.4,0.00
5.9,-0.1,0.00
5.9,0,0.00
5.9,0.1,0.00
5.9,0.2,0.00
5.9,0.3,0.00
5.9,0.4,0.00
5.9,0.5,0.00
5.9,0.6,0.00
5.9,0.7,0.00
5.9,0.8,0.00
5.9,0.9,0.00
5.9,1,0.00
5.9,1.2,0.00
5.9,1.3,0.00
5.9,1.4,0.00
5.9,1.5,0.00
5.9,1.6,0.00
5.9,1.7,0.00
5.9,1.8,0.00
5.9,1.9,0.00
5.9,2.1,0.00
5.9,2.4,0.00
5.9,2.6,0.00
5.9,3,0.00
5.9,4.1,0.00
5.9,2.9,0.00
5.9,2.8,0.00
5.9,2.7,0.00
5.9,2.5,0.00
5.9,2.3,0.00
5.9,2.2,0.00
5.9,2,0.00
5.9,1.1,0.00
5.9,-0.2,0.00
5.9,-0.3,0.00
5.9,-0.6,0.00
5.9,-0.9,0.00
5.9,-1.6,0.00
5.9,-1.9,0.00
5.9,-2.1,0.00
5.9,-2.2,0.00
5.9,-2.4,0.00
5.9,-2.5,0.00
5.9,-2.9,0.00
5.8,-3.1,0.00
5.8,-2.2,0.00
5.8,-1.9,0.00
5.8,-1.8,0.00
5.8,-1.5,0.00
5.8,-1.4,0.00
5.8,-1.2,0.00
5.8,-1.1,0.00
5.8,-1,0.00
5.8,-0.9,0.00
5.8,-0.8,0.00
5.8,-0.5,0.00
5.8,-0.4,0.00
5.8,-0.3,0.00
5.8,-0.2,0.00
5.8,-0.1,0.00
5.8,0,0.00
5.8,0.2,0.00
5.8,0.3,0.00
5.8,0.5,0.00
5.8,0.6,0.00
5.8,0.7,0.00
5.8,0.8,0.00
5.8,0.9,0.00
5.8,1.1,0.00
5.8,1.3,0.00
5.8,1.4,0.00
5.8,1.5,0.00
5.8,1.6,0.00
5.8,1.8,0.00
5.8,1.9,0.00
5.8,2.2,0.00
5.8,2.4,0.00
5.8,2.7,0.00
5.8,2.8,0.00
5.8,3,0.00
5.8,2.9,0.00
5.8,2.6,0.00
5.8,2.5,0.00
5.8,2.3,0.00
5.8,2.1,0.00
5.8,2,0.00
5.8,1.7,0.00
5.8,1.2,0.00
5.8,1,0.00
5.8,0.4,0.00
5.8,0.1,0.00
5.8,-0.6,0.00
5.8,-0.7,0.00
5.8,-1.3,0.00
5.8,-1.6,0.00
5.8,-1.7,0.00
5.8,-2,0.00
5.8,-2.1,0.00
5.8,-2.3,0.00
5.8,-2.4,0.00
5.8,-2.5,0.00
5.8,-2.6,0.00
5.8,-2.7,0.00
5.8,-2.8,0.00
5.8,-2.9,0.00
5.8,-3,0.00
5.7,-2.9,0.00
5.7,-2.3,0.00
5.7,-2,0.00
5.7,-1.9,0.00
5.7,-1.8,0.00
5.7,-1.6,0.00
5.7,-1.5,0.00
5.7,-1.4,0.00
5.7,-1.3,0.00
5.7,-1,0.00
5.7,-0.9,0.00
5.7,-0.8,0.00
5.7,-0.7,0.00
5.7,-0.6,0.00
5.7,-0.5,0.00
5.7,-0.4,0.00
5.7,-0.3,0.00
5.7,-0.2,0.00
5.7,-0.1,0.00
5.7,0,0.00
5.7,0.1,0.00
5.7,0.3,0.00
5.7,0.4,0.00
5.7,0.5,0.00
5.7,0.6,0.00
5.7,0.7,0.00
5.7,0.8,0.00
5.7,1,0.00
5.7,1.2,0.00
5.7,1.3,0.00
5.7,1.4,0.00
5.7,1.5,0.00
5.7,1.6,0.00
5.7,1.7,0.00
5.7,1.9,0.00
5.7,2.1,0.00
5.7,2.2,0.00
5.7,2.5,0.00
5.7,2.8,0.00
5.7,2.9,0.00
5.7,3.2,0.00
5.7,3.4,0.00
5.7,3,0.00
5.7,2.7,0.00
5.7,2.6,0.00
5.7,2.4,0.00
5.7,2.3,0.00
5.7,2,0.00
5.7,1.8,0.00
5.7,1.1,0.00
5.7,0.9,0.00
5.7,0.2,0.00
5.7,-1.1,0.00
5.7,-1.2,0.00
5.7,-1.7,0.00
5.7,-2.1,0.00
5.7,-2.2,0.00
5.7,-2.4,0.00
5.7,-2.5,0.00
5.7,-2.6,0.00
5.7,-2.7,0.00
5.7,-2.8,0.00
5.7,-3,0.00
5.6,-3.3,0.00
5.6,-2.7,0.00
5.6,-2.3,0.00
5.6,-2.2,0.00
5.6,-2.1,0.00
5.6,-2,0.00
5.6,-1.8,0.00
5.6,-1.7,0.00
5.6,-1.5,0.00
5.6,-1.4,0.00
5.6,-1.3,0.00
5.6,-0.8,0.00
5.6,-0.7,0.00
5.6,-0.6,0.00
5.6,-0.5,0.00
5.6,-0.4,0.00
5.6,-0.3,0.00
5.6,-0.2,0.00
5.6,-0.1,0.00
5.6,0,0.00
5.6,0.1,0.00
5.6,0.2,0.00
5.6,0.3,0.00
5.6,0.4,0.00
5.6,0.6,0.00
5.6,0.7,0.00
5.6,0.8,0.00
5.6,0.9,0.00
5.6,1,0.00
5.6,1.1,0.00
5.6,1.3,0.00
5.6,1.4,0.00
5.6,1.5,0.00
5.6,1.6,0.00
5.6,1.7,0.00
5.6,1.8,0.00
5.6,2.1,0.00
5.6,2.4,0.00
5.6,2.6,0.00
5.6,3,0.00
5.6,3.1,0.00
5.6,3.2,0.00
5.6,4.3,0.00
5.6,2.9,0.00
5.6,2.8,0.00
5.6,2.7,0.00
5.6,2.5,0.00
5.6,2.3,0.00
5.6,2.2,0.00
5.6,2,0.00
5.6,1.9,0.00
5.6,1.2,0.00
5.6,0.5,0.00
5.6,-0.9,0.00
5.6,-1,0.00
5.6,-1.1,0.00
5.6,-1.2,0.00
5.6,-1.6,0.00
5.6,-1.9,0.00
5.6,-2.4,0.00
5.6,-2.5,0.00
5.6,-2.6,0.00
5.6,-2.8,0.00
5.6,-2.9,0.00
5.6,-3,0.00
5.5,-2.7,0.00
5.5,-2.2,0.00
5.5,-2.1,0.00
5.5,-2,0.00
5.5,-1.9,0.00
5.5,-1.6,0.00
5.5,-1.5,0.00
5.5,-1.4,0.00
5.5,-1.3,0.00
5.5,-1.2,0.00
5.5,-1.1,0.00
5.5,-1,0.00
5.5,-0.9,0.00
5.5,-0.7,0.00
5.5,-0.6,0.00
5.5,-0.5,0.00
5.5,-0.4,0.00
5.5,-0.3,0.00
5.5,-0.2,0.00
5.5,-0.1,0.00
5.5,0,0.00
5.5,0.1,0.00
5.5,0.2,0.00
5.5,0.3,0.00
5.5,0.4,0.00
5.5,0.5,0.00
5.5,0.6,0.00
5.5,0.7,0.00
5.5,0.8,0.00
5.5,0.9,0.00
5.5,1,0.00
5.5,1.1,0.00
5.5,1.2,0.00
5.5,1.3,0.00
5.5,1.4,0.00
5.5,1.5,0.00
5.5,1.6,0.00
5.5,1.8,0.00
5.5,2.2,0.00
5.5,2.3,0.00
5.5,2.4,0.00
5.5,2.8,0.00
5.5,4.5,0.00
5.5,3,0.00
5.5,2.9,0.00
5.5,2.7,0.00
5.5,2.6,0.00
5.5,2.5,0.00
5.5,2.1,0.00
5.5,2,0.00
5.5,1.9,0.00
5.5,1.7,0.00
5.5,-0.8,0.00
5.5,-1.7,0.00
5.5,-1.8,0.00
5.5,-2.3,0.00
5.5,-2.4,0.00
5.5,-2.5,0.00
5.5,-2.6,0.00
5.5,-2.8,0.00
5.5,-2.9,0.00
5.5,-3,0.00
5.4,-3.2,0.00
5.4,-2.5,0.00
5.4,-2.1,0.00
5.4,-2,0.00
5.4,-1.7,0.00
5.4,-1.6,0.00
5.4,-1.3,0.00
5.4,-1.1,0.00
5.4,-1,0.00
5.4,-0.9,0.00
5.4,-0.8,0.00
5.4,-0.7,0.00
5.4,-0.6,0.00
5.4,-0.5,0.00
5.4,-0.4,0.00
5.4,-0.3,0.00
5.4,-0.2,0.00
5.4,-0.1,0.00
5.4,0,0.00
5.4,0.1,0.00
5.4,0.2,0.00
5.4,0.3,0.00
5.4,0.4,0.00
5.4,0.5,0.00
5.4,0.6,0.00
5.4,0.7,0.00
5.4,0.8,0.00
5.4,0.9,0.00
5.4,1,0.00
5.4,1.1,0.00
5.4,1.2,0.00
5.4,1.4,0.00
5.4,1.5,0.00
5.4,1.6,0.00
5.4,1.7,0.00
5.4,1.8,0.00
5.4,1.9,0.00
5.4,2,0.00
5.4,2.1,0.00
5.4,2.3,0.00
5.4,2.7,0.00
5.4,3.1,0.00
5.4,3.3,0.00
5.4,3.4,0.00
5.4,3.5,0.00
5.4,3,0.00
5.4,2.9,0.00
5.4,2.8,0.00
5.4,2.6,0.00
5.4,2.5,0.00
5.4,2.4,0.00
5.4,2.2,0.00
5.4,1.3,0.00
5.4,-1.2,0.00
5.4,-1.4,0.00
5.4,-1.5,0.00
5.4,-1.8,0.00
5.4,-1.9,0.00
5.4,-2.2,0.00
5.4,-2.3,0.00
5.4,-2.4,0.00
5.4,-2.6,0.00
5.4,-2.7,0.00
5.4,-2.8,0.00
5.4,-2.9,0.00
5.4,-3,0.00
5.3,-3.2,0.00
5.3,-2.8,0.00
5.3,-2.2,0.00
5.3,-2,0.00
5.3,-1.9,0.00
5.3,-1.6,0.00
5.3,-1.5,0.00
5.3,-1.4,0.00
5.3,-1.3,0.00
5.3,-1.2,0.00
5.3,-1.1,0.00
5.3,-1,0.00
5.3,-0.9,0.00
5.3,-0.8,0.00
5.3,-0.7,0.00
5.3,-0.6,0.00
5.3,-0.5,0.00
5.3,-0.4,0.00
5.3,-0.3,0.00
5.3,-0.2,0.00
5.3,-0.1,0.00
5.3,0,0.00
5.3,0.1,0.00
5.3,0.2,0.00
5.3,0.3,0.00
5.3,0.4,0.00
5.3,0.5,0.00
5.3,0.6,0.00
5.3,0.7,0.00
5.3,0.8,0.00
5.3,0.9,0.00
5.3,1,0.00
5.3,1.1,0.00
5.3,1.2,0.00
5.3,1.3,0.00
5.3,1.4,0.00
5.3,1.5,0.00
5.3,1.6,0.00
5.3,1.7,0.00
5.3,1.8,0.00
5.3,1.9,0.00
5.3,2,0.00
5.3,2.1,0.00
5.3,2.2,0.00
5.3,2.3,0.00
5.3,2.4,0.00
5.3,2.5,0.00
5.3,2.6,0.00
5.3,2.7,0.00
5.3,2.8,0.00
5.3,2.9,0.00
5.3,3,0.00
5.3,3.2,0.00
5.3,3.3,0.00
5.3,4.1,0.00
5.3,-1.7,0.00
5.3,-1.8,0.00
5.3,-2.1,0.00
5.3,-2.3,0.00
5.3,-2.4,0.00
5.3,-2.5,0.00
5.3,-2.6,0.00
5.3,-2.7,0.00
5.3,-2.9,0.00
5.3,-3,0.00
5.2,-3.3,0.00
5.2,-3.1,0.00
5.2,-2.8,0.00
5.2,-2.7,0.00
5.2,-2.5,0.00
5.2,-2,0.00
5.2,-1.9,0.00
5.2,-1.8,0.00
5.2,-1.7,0.00
5.2,-1.6,0.00
5.2,-1.5,0.00
5.2,-1.4,0.00
5.2,-1.3,0.00
5.2,-1.2,0.00
5.2,-1.1,0.00
5.2,-1,0.00
5.2,-0.9,0.00
5.2,-0.8,0.00
5.2,-0.7,0.00
5.2,-0.6,0.00
5.2,-0.5,0.00
5.2,-0.4,0.00
5.2,-0.3,0.00
5.2,-0.2,0.00
5.2,-0.1,0.00
5.2,0,0.00
5.2,0.1,0.00
5.2,0.2,0.00
5.2,0.3,0.00
5.2,0.4,0.00
5.2,0.5,0.00
5.2,0.6,0.00
5.2,0.7,0.00
5.2,0.8,0.00
5.2,0.9,0.00
5.2,1,0.00
5.2,1.1,0.00
5.2,1.2,0.00
5.2,1.3,0.00
5.2,1.4,0.00
5.2,1.5,0.00
5.2,1.6,0.00
5.2,1.7,0.00
5.2,1.8,0.00
5.2,1.9,0.00
5.2,2,0.00
5.2,2.1,0.00
5.2,2.2,0.00
5.2,2.3,0.00
5.2,2.4,0.00
5.2,2.5,0.00
5.2,2.6,0.00
5.2,2.8,0.00
5.2,3,0.00
5.2,3.2,0.00
5.2,3.7,0.00
5.2,4.1,0.00
5.2,2.9,0.00
5.2,2.7,0.00
5.2,-2.1,0.00
5.2,-2.2,0.00
5.2,-2.3,0.00
5.2,-2.4,0.00
5.2,-2.6,0.00
5.2,-2.9,0.00
5.2,-3,0.00
5.1,-3.4,0.00
5.1,-2.9,0.00
5.1,-2.8,0.00
5.1,-2.7,0.00
5.1,-2.6,0.00
5.1,-2.5,0.00
5.1,-2.3,0.00
5.1,-2.2,0.00
5.1,-2.1,0.00
5.1,-2,0.00
5.1,-1.9,0.00
5.1,-1.8,0.00
5.1,-1.7,0.00
5.1,-1.6,0.00
5.1,-1.5,0.00
5.1,-1.4,0.00
5.1,-1.3,0.00
5.1,-1.2,0.00
5.1,-1.1,0.00
5.1,-1,0.00
5.1,-0.9,0.00
5.1,-0.8,0.00
5.1,-0.7,0.00
5.1,-0.6,0.00
5.1,-0.5,0.00
5.1,-0.4,0.00
5.1,-0.3,0.00
5.1,-0.2,0.00
5.1,-0.1,0.00
5.1,0,0.00
5.1,0.1,0.00
5.1,0.2,0.00
5.1,0.3,0.00
5.1,0.4,0.00
5.1,0.5,0.00
5.1,0.6,0.00
5.1,0.7,0.00
5.1,0.8,0.00
5.1,0.9,0.00
5.1,1,0.00
5.1,1.1,0.00
5.1,1.2,0.00
5.1,1.3,0.00
5.1,1.4,0.00
5.1,1.5,0.00
5.1,1.6,0.00
5.1,1.7,0.00
5.1,1.8,0.00
5.1,1.9,0.00
5.1,2,0.00
5.1,2.1,0.00
5.1,2.2,0.00
5.1,2.3,0.00
5.1,2.5,0.00
5.1,2.6,0.00
5.1,2.7,0.00
5.1,2.8,0.00
5.1,2.9,0.00
5.1,3,0.00
5.1,3.2,0.00
5.1,3.3,0.00
5.1,3.6,0.00
5.1,3.7,0.00
5.1,2.4,0.00
5.1,-2.4,0.00
5.1,-3,0.00
5,-4.2,0.00
5,-3.3,0.00
5,-3.2,0.00
5,-3,0.00
5,-2.9,0.00
5,-2.8,0.00
5,-2.7,0.00
5,-2.5,0.00
5,-2.4,0.00
5,-2.3,0.00
5,-2.2,0.00
5,-2.1,0.00
5,-2,0.00
5,-1.9,0.00
5,-1.8,0.00
5,-1.7,0.00
5,-1.6,0.00
5,-1.5,0.00
5,-1.4,0.00
5,-1.3,0.00
5,-1.2,0.00
5,-1.1,0.00
5,-1,0.00
5,-0.9,0.00
5,-0.8,0.00
5,-0.7,0.00
5,-0.6,0.00
5,-0.5,0.00
5,-0.4,0.00
5,-0.3,0.00
5,-0.2,0.00
5,-0.1,0.00
5,0,0.00
5,0.1,0.00
5,0.2,0.00
5,0.3,0.00
5,0.4,0.00
5,0.5,0.00
5,0.6,0.00
5,0.7,0.00
5,0.8,0.00
5,0.9,0.00
5,1,0.00
5,1.1,0.00
5,1.2,0.00
5,1.3,0.00
5,1.4,0.00
5,1.5,0.00
5,1.6,0.00
5,1.7,0.00
5,1.8,0.00
5,1.9,0.00
5,2,0.00
5,2.1,0.00
5,2.2,0.00
5,2.4,0.00
5,2.5,0.00
5,2.7,0.00
5,2.8,0.00
5,3,0.00
5,3.2,0.00
5,3.7,0.00
5,3.8,0.00
5,4.1,0.00
5,2.9,0.00
5,2.6,0.00
5,2.3,0.00
5,-2.6,0.00
4.9,-3.4,0.00
4.9,-3,0.00
4.9,-2.9,0.00
4.9,-2.7,0.00
4.9,-2.5,0.00
4.9,-2.4,0.00
4.9,-2.3,0.00
4.9,-2.2,0.00
4.9,-2.1,0.00
4.9,-2,0.00
4.9,-1.9,0.00
4.9,-1.8,0.00
4.9,-1.7,0.00
4.9,-1.6,0.00
4.9,-1.5,0.00
4.9,-1.4,0.00
4.9,-1.3,0.00
4.9,-1.2,0.00
4.9,-1.1,0.00
4.9,-1,0.00
4.9,-0.9,0.00
4.9,-0.8,0.00
4.9,-0.7,0.00
4.9,-0.6,0.00
4.9,-0.5,0.00
4.9,-0.4,0.00
4.9,-0.3,0.00
4.9,-0.2,0.00
4.9,-0.1,0.00
4.9,0,0.00
4.9,0.1,0.00
4.9,0.2,0.00
4.9,0.3,0.00
4.9,0.4,0.00
4.9,0.5,0.00
4.9,0.6,0.00
4.9,0.7,0.00
4.9,0.8,0.00
4.9,0.9,0.00
4.9,1,0.00
4.9,1.1,0.00
4.9,1.2,0.00
4.9,1.3,0.00
4.9,1.4,0.00
4.9,1.5,0.00
4.9,1.6,0.00
4.9,1.7,0.00
4.9,1.8,0.00
4.9,1.9,0.00
4.9,2,0.00
4.9,2.1,0.00
4.9,2.2,0.00
4.9,2.3,0.00
4.9,2.4,0.00
4.9,2.5,0.00
4.9,2.6,0.00
4.9,2.7,0.00
4.9,2.8,0.00
4.9,3,0.00
4.9,3.7,0.00
4.9,4,0.00
4.9,2.9,0.00
4.9,-2.6,0.00
4.9,-2.8,0.00
4.8,-3.4,0.00
4.8,-3.3,0.00
4.8,-2.9,0.00
4.8,-2.7,0.00
4.8,-2.6,0.00
4.8,-2.5,0.00
4.8,-2.3,0.00
4.8,-2.2,0.00
4.8,-2,0.00
4.8,-1.9,0.00
4.8,-1.8,0.00
4.8,-1.7,0.00
4.8,-1.6,0.00
4.8,-1.5,0.00
4.8,-1.4,0.00
4.8,-1.3,0.00
4.8,-1.2,0.00
4.8,-1.1,0.00
4.8,-1,0.00
4.8,-0.9,0.00
4.8,-0.8,0.00
4.8,-0.7,0.00
4.8,-0.6,0.00
4.8,-0.5,0.00
4.8,-0.4,0.00
4.8,-0.3,0.00
4.8,-0.2,0.00
4.8,-0.1,0.00
4.8,0,0.00
4.8,0.1,0.00
4.8,0.2,0.00
4.8,0.3,0.00
4.8,0.4,0.00
4.8,0.5,0.00
4.8,0.6,0.00
4.8,0.7,0.00
4.8,0.8,0.00
4.8,0.9,0.00
4.8,1,0.00
4.8,1.1,0.00
4.8,1.2,0.00
4.8,1.3,0.00
4.8,1.4,0.00
4.8,1.5,0.00
4.8,1.6,0.00
4.8,1.7,0.00
4.8,1.8,0.00
4.8,1.9,0.00
4.8,2,0.00
4.8,2.1,0.00
4.8,2.2,0.00
4.8,2.3,0.00
4.8,2.4,0.00
4.8,2.5,0.00
4.8,2.6,0.00
4.8,2.7,0.00
4.8,2.8,0.00
4.8,2.9,0.00
4.8,3,0.00
4.8,3.1,0.00
4.8,-2.1,0.00
4.8,-2.4,0.00
4.8,-2.8,0.00
4.8,-3,0.00
4.7,-4.4,0.00
4.7,-3.4,0.00
4.7,-3.1,0.00
4.7,-2.8,0.00
4.7,-2.7,0.00
4.7,-2.6,0.00
4.7,-2.5,0.00
4.7,-2.4,0.00
4.7,-2.3,0.00
4.7,-2.2,0.00
4.7,-2,0.00
4.7,-1.9,0.00
4.7,-1.8,0.00
4.7,-1.7,0.00
4.7,-1.6,0.00
4.7,-1.5,0.00
4.7,-1.4,0.00
4.7,-1.3,0.00
4.7,-1.2,0.00
4.7,-1.1,0.00
4.7,-1,0.00
4.7,-0.9,0.00
4.7,-0.8,0.00
4.7,-0.7,0.00
4.7,-0.6,0.00
4.7,-0.5,0.00
4.7,-0.4,0.00
4.7,-0.3,0.00
4.7,-0.2,0.00
4.7,-0.1,0.00
4.7,0,0.00
4.7,0.1,0.00
4.7,0.2,0.00
4.7,0.3,0.00
4.7,0.4,0.00
4.7,0.5,0.00
4.7,0.6,0.00
4.7,0.7,0.00
4.7,0.8,0.00
4.7,0.9,0.00
4.7,1,0.00
4.7,1.1,0.00
4.7,1.2,0.00
4.7,1.3,0.00
4.7,1.4,0.00
4.7,1.5,0.00
4.7,1.6,0.00
4.7,1.7,0.00
4.7,1.8,0.00
4.7,1.9,0.00
4.7,2,0.00
4.7,2.1,0.00
4.7,2.2,0.00
4.7,2.3,0.00
4.7,2.4,0.00
4.7,2.5,0.00
4.7,2.6,0.00
4.7,2.7,0.00
4.7,2.8,0.00
4.7,2.9,0.00
4.7,3,0.00
4.7,3.1,0.00
4.7,3.5,0.00
4.7,3.6,0.00
4.7,3.7,0.00
4.7,4.5,0.00
4.7,-2.1,0.00
4.7,-2.9,0.00
4.7,-3,0.00
4.6,-3.5,0.00
4.6,-3,0.00
4.6,-2.8,0.00
4.6,-2.7,0.00
4.6,-2.6,0.00
4.6,-2.3,0.00
4.6,-2.2,0.00
4.6,-2.1,0.00
4.6,-2,0.00
4.6,-1.9,0.00
4.6,-1.8,0.00
4.6,-1.7,0.00
4.6,-1.6,0.00
4.6,-1.5,0.00
4.6,-1.4,0.00
4.6,-1.3,0.00
4.6,-1.2,0.00
4.6,-1.1,0.00
4.6,-1,0.00
4.6,-0.9,0.00
4.6,-0.8,0.00
4.6,-0.7,0.00
4.6,-0.6,0.00
4.6,-0.5,0.00
4.6,-0.4,0.00
4.6,-0.3,0.00
4.6,-0.2,0.00
4.6,-0.1,0.00
4.6,0,0.00
4.6,0.1,0.00
4.6,0.2,0.00
4.6,0.3,0.00
4.6,0.4,0.00
4.6,0.5,0.00
4.6,0.6,0.00
4.6,0.7,0.00
4.6,0.8,0.00
4.6,0.9,0.00
4.6,1,0.00
4.6,1.1,0.00
4.6,1.2,0.00
4.6,1.3,0.00
4.6,1.4,0.00
4.6,1.5,0.00
4.6,1.6,0.00
4.6,1.7,0.00
4.6,1.8,0.00
4.6,1.9,0.00
4.6,2,0.00
4.6,2.1,0.00
4.6,2.2,0.00
4.6,2.3,0.00
4.6,2.4,0.00
4.6,2.5,0.00
4.6,2.6,0.00
4.6,2.7,0.00
4.6,2.9,0.00
4.6,3,0.00
4.6,3.1,0.00
4.6,3.7,0.00
4.6,4.1,0.00
4.6,2.8,0.00
4.6,-2.4,0.00
4.6,-2.5,0.00
4.6,-2.9,0.00
4.5,-3.6,0.00
4.5,-3.5,0.00
4.5,-3,0.00
4.5,-2.9,0.00
4.5,-2.8,0.00
4.5,-2.7,0.00
4.5,-2.5,0.00
4.5,-2.4,0.00
4.5,-2.3,0.00
4.5,-2.2,0.00
4.5,-2.1,0.00
4.5,-1.9,0.00
4.5,-1.8,0.00
4.5,-1.7,0.00
4.5,-1.6,0.00
4.5,-1.5,0.00
4.5,-1.4,0.00
4.5,-1.3,0.00
4.5,-1.2,0.00
4.5,-1.1,0.00
4.5,-1,0.00
4.5,-0.9,0.00
4.5,-0.8,0.00
4.5,-0.7,0.00
4.5,-0.6,0.00
4.5,-0.5,0.00
4.5,-0.4,0.00
4.5,-0.3,0.00
4.5,-0.2,0.00
4.5,-0.1,0.00
4.5,0,0.00
4.5,0.1,0.00
4.5,0.2,0.00
4.5,0.3,0.00
4.5,0.4,0.00
4.5,0.5,0.00
4.5,0.6,0.00
4.5,0.7,0.00
4.5,0.8,0.00
4.5,0.9,0.00
4.5,1,0.00
4.5,1.1,0.00
4.5,1.2,0.00
4.5,1.3,0.00
4.5,1.4,0.00
4.5,1.5,0.00
4.5,1.6,0.00
4.5,1.7,0.00
4.5,1.8,0.00
4.5,1.9,0.00
4.5,2,0.00
4.5,2.1,0.00
4.5,2.2,0.00
4.5,2.3,0.00
4.5,2.4,0.00
4.5,2.5,0.00
4.5,2.6,0.00
4.5,2.7,0.00
4.5,2.8,0.00
4.5,2.9,0.00
4.5,3,0.00
4.5,3.1,0.00
4.5,3.4,0.00
4.5,3.6,0.00
4.5,4,0.00
4.5,4.1,0.00
4.5,4.5,0.00
4.5,-2,0.00
4.5,-2.6,0.00
4.4,-5.5,0.00
4.4,-3.4,0.00
4.4,-3.3,0.00
4.4,-2.9,0.00
4.4,-2.8,0.00
4.4,-2.7,0.00
4.4,-2.6,0.00
4.4,-2.5,0.00
4.4,-2.4,0.00
4.4,-2.2,0.00
4.4,-2.1,0.00
4.4,-2,0.00
4.4,-1.9,0.00
4.4,-1.8,0.00
4.4,-1.7,0.00
4.4,-1.6,0.00
4.4,-1.5,0.00
4.4,-1.4,0.00
4.4,-1.3,0.00
4.4,-1.2,0.00
4.4,-1.1,0.00
4.4,-1,0.00
4.4,-0.9,0.00
4.4,-0.8,0.00
4.4,-0.7,0.00
4.4,-0.6,0.00
4.4,-0.5,0.00
4.4,-0.4,0.00
4.4,-0.3,0.00
4.4,-0.2,0.00
4.4,-0.1,0.00
4.4,0,0.00
4.4,0.1,0.00
4.4,0.2,0.00
4.4,0.3,0.00
4.4,0.4,0.00
4.4,0.5,0.00
4.4,0.6,0.00
4.4,0.7,0.00
4.4,0.8,0.00
4.4,0.9,0.00
4.4,1,0.00
4.4,1.1,0.00
4.4,1.2,0.00
4.4,1.3,0.00
4.4,1.4,0.00
4.4,1.5,0.00
4.4,1.6,0.00
4.4,1.7,0.00
4.4,1.8,0.00
4.4,1.9,0.00
4.4,2,0.00
4.4,2.1,0.00
4.4,2.2,0.00
4.4,2.3,0.00
4.4,2.4,0.00
4.4,2.5,0.00
4.4,2.6,0.00
4.4,2.7,0.00
4.4,2.9,0.00
4.4,3,0.00
4.4,3.1,0.00
4.4,3.3,0.00
4.4,3.4,0.00
4.4,3.6,0.00
4.4,3.7,0.00
4.4,2.8,0.00
4.4,-2.3,0.00
4.4,-3,0.00
4.3,-1.7,0.13
4.3,-0.1,0.02
4.3,0.2,0.02
4.3,-3.9,0.00
4.3,-3.8,0.00
4.3,-3.4,0.00
4.3,-3.2,0.00
4.3,-3,0.00
4.3,-2.9,0.00
4.3,-2.8,0.00
4.3,-2.7,0.00
4.3,-2.6,0.00
4.3,-2.5,0.00
4.3,-2.4,0.00
4.3,-2.3,0.00
4.3,-2.2,0.00
4.3,-2.1,0.00
4.3,-2,0.00
4.3,-1.9,0.00
4.3,-1.8,0.00
4.3,-1.6,0.00
4.3,-1.5,0.00
4.3,-1.4,0.00
4.3,-1.3,0.00
4.3,-1.2,0.00
4.3,-1.1,0.00
4.3,-1,0.00
4.3,-0.9,0.00
4.3,-0.8,0.00
4.3,-0.7,0.00
4.3,-0.6,0.00
4.3,-0.5,0.00
4.3,-0.4,0.00
4.3,-0.3,0.00
4.3,-0.2,0.00
4.3,0,0.00
4.3,0.1,0.00
4.3,0.3,0.00
4.3,0.4,0.00
4.3,0.5,0.00
4.3,0.6,0.00
4.3,0.7,0.00
4.3,0.8,0.00
4.3,0.9,0.00
4.3,1,0.00
4.3,1.1,0.00
4.3,1.2,0.00
4.3,1.3,0.00
4.3,1.4,0.00
4.3,1.5,0.00
4.3,1.6,0.00
4.3,1.7,0.00
4.3,1.8,0.00
4.3,1.9,0.00
4.3,2,0.00
4.3,2.1,0.00
4.3,2.2,0.00
4.3,2.3,0.00
4.3,2.4,0.00
4.3,2.5,0.00
4.3,2.6,0.00
4.3,2.7,0.00
4.3,2.8,0.00
4.3,3.1,0.00
4.3,3.4,0.00
4.3,3.5,0.00
4.3,3.6,0.00
4.3,3,0.00
4.3,2.9,0.00
4.2,-3.5,0.00
4.2,-3.2,0.00
4.2,-3,0.00
4.2,-2.8,0.00
4.2,-2.6,0.00
4.2,-2.5,0.00
4.2,-2.4,0.00
4.2,-2.3,0.00
4.2,-2.2,0.00
4.2,-2.1,0.00
4.2,-2,0.00
4.2,-1.9,0.00
4.2,-1.8,0.00
4.2,-1.7,0.00
4.2,-1.6,0.00
4.2,-1.5,0.00
4.2,-1.4,0.00
4.2,-1.3,0.00
4.2,-1.2,0.00
4.2,-1.1,0.00
4.2,-1,0.00
4.2,-0.9,0.00
4.2,-0.8,0.00
4.2,-0.7,0.00
4.2,-0.6,0.00
4.2,-0.5,0.00
4.2,-0.4,0.00
4.2,-0.3,0.00
4.2,-0.2,0.00
4.2,-0.1,0.00
4.2,0,0.00
4.2,0.1,0.00
4.2,0.2,0.00
4.2,0.3,0.00
4.2,0.4,0.00
4.2,0.5,0.00
4.2,0.6,0.00
4.2,0.7,0.00
4.2,0.8,0.00
4.2,0.9,0.00
4.2,1,0.00
4.2,1.1,0.00
4.2,1.2,0.00
4.2,1.3,0.00
4.2,1.4,0.00
4.2,1.5,0.00
4.2,1.6,0.00
4.2,1.7,0.00
4.2,1.8,0.00
4.2,1.9,0.00
4.2,2,0.00
4.2,2.1,0.00
4.2,2.2,0.00
4.2,2.3,0.00
4.2,2.4,0.00
4.2,2.5,0.00
4.2,2.6,0.00
4.2,2.7,0.00
4.2,2.8,0.00
4.2,2.9,0.00
4.2,3,0.00
4.2,3.2,0.00
4.2,3.4,0.00
4.2,3.5,0.00
4.2,3.6,0.00
4.2,3.8,0.00
4.2,-2.7,0.00
4.2,-2.9,0.00
4.1,-3.8,0.00
4.1,-3.5,0.00
4.1,-3.4,0.00
4.1,-3.2,0.00
4.1,-3.1,0.00
4.1,-3,0.00
4.1,-2.8,0.00
4.1,-2.7,0.00
4.1,-2.6,0.00
4.1,-2.5,0.00
4.1,-2.4,0.00
4.1,-2.3,0.00
4.1,-2.2,0.00
4.1,-2.1,0.00
4.1,-2,0.00
4.1,-1.9,0.00
4.1,-1.8,0.00
4.1,-1.7,0.00
4.1,-1.6,0.00
4.1,-1.5,0.00
4.1,-1.4,0.00
4.1,-1.3,0.00
4.1,-1.2,0.00
4.1,-1.1,0.00
4.1,-1,0.00
4.1,-0.9,0.00
4.1,-0.8,0.00
4.1,-0.7,0.00
4.1,-0.6,0.00
4.1,-0.5,0.00
4.1,-0.4,0.00
4.1,-0.3,0.00
4.1,-0.2,0.00
4.1,-0.1,0.00
4.1,0,0.00
4.1,0.1,0.00
4.1,0.2,0.00
4.1,0.3,0.00
4.1,0.4,0.00
4.1,0.5,0.00
4.1,0.6,0.00
4.1,0.7,0.00
4.1,0.8,0.00
4.1,0.9,0.00
4.1,1,0.00
4.1,1.1,0.00
4.1,1.2,0.00
4.1,1.3,0.00
4.1,1.4,0.00
4.1,1.5,0.00
4.1,1.6,0.00
4.1,1.7,0.00
4.1,1.8,0.00
4.1,1.9,0.00
4.1,2,0.00
4.1,2.1,0.00
4.1,2.2,0.00
4.1,2.3,0.00
4.1,2.4,0.00
4.1,2.5,0.00
4.1,2.6,0.00
4.1,2.7,0.00
4.1,2.8,0.00
4.1,2.9,0.00
4.1,3,0.00
4.1,3.1,0.00
4.1,3.2,0.00
4.1,3.3,0.00
4.1,3.4,0.00
4.1,3.6,0.00
4.1,3.8,0.00
4.1,-2.9,0.00
4,-2,0.11
4,-1.3,0.05
4,1.8,0.05
4,1.4,0.03
4,0.4,0.03
4,0.1,0.02
4,0.8,0.02
4,-1.1,0.02
4,1.2,0.02
4,1.3,0.02
4,-0.5,0.01
4,1,0.01
4,0.3,0.01
4,-0.2,0.01
4,-0.1,0.01
4,0.5,0.01
4,-3.5,0.00
4,-3.3,0.00
4,-3.2,0.00
4,-3.1,0.00
4,-3,0.00
4,-2.9,0.00
4,-2.8,0.00
4,-2.7,0.00
4,-2.6,0.00
4,-2.5,0.00
4,-2.4,0.00
4,-2.3,0.00
4,-2.2,0.00
4,-2.1,0.00
4,-1.9,0.00
4,-1.8,0.00
4,-1.7,0.00
4,-1.6,0.00
4,-1.5,0.00
4,-1.4,0.00
4,-1.2,0.00
4,-1,0.00
4,-0.9,0.00
4,-0.8,0.00
4,-0.7,0.00
4,-0.6,0.00
4,-0.4,0.00
4,-0.3,0.00
4,0,0.00
4,0.2,0.00
4,0.6,0.00
4,0.7,0.00
4,0.9,0.00
4,1.1,0.00
4,1.5,0.00
4,1.6,0.00
4,1.7,0.00
4,1.9,0.00
4,2,0.00
4,2.1,0.00
4,2.2,0.00
4,2.3,0.00
4,2.4,0.00
4,2.5,0.00
4,2.6,0.00
4,2.7,0.00
4,2.8,0.00
4,2.9,0.00
4,3,0.00
4,3.1,0.00
4,3.2,0.00
4,3.3,0.00
3.9,2.3,0.08
3.9,0.2,0.04
3.9,0.9,0.03
3.9,0.3,0.03
3.9,0.5,0.02
3.9,0.7,0.02
3.9,1.2,0.02
3.9,-0.3,0.01
3.9,-0.6,0.01
3.9,-0.5,0.01
3.9,-0.1,0.01
3.9,-0.2,0.01
3.9,0,0.01
3.9,0.1,0.01
3.9,-0.8,0.01
3.9,0.6,0.01
3.9,0.4,0.01
3.9,-5.7,0.00
3.9,-4.6,0.00
3.9,-3.6,0.00
3.9,-3.2,0.00
3.9,-3.1,0.00
3.9,-2.9,0.00
3.9,-2.8,0.00
3.9,-2.7,0.00
3.9,-2.6,0.00
3.9,-2.5,0.00
3.9,-2.4,0.00
3.9,-2.3,0.00
3.9,-2.2,0.00
3.9,-2.1,0.00
3.9,-2,0.00
3.9,-1.9,0.00
3.9,-1.8,0.00
3.9,-1.7,0.00
3.9,-1.6,0.00
3.9,-1.5,0.00
3.9,-1.4,0.00
3.9,-1.3,0.00
3.9,-1.2,0.00
3.9,-1.1,0.00
3.9,-1,0.00
3.9,-0.9,0.00
3.9,-0.7,0.00
3.9,-0.4,0.00
3.9,0.8,0.00
3.9,1,0.00
3.9,1.1,0.00
3.9,1.3,0.00
3.9,1.4,0.00
3.9,1.5,0.00
3.9,1.6,0.00
3.9,1.7,0.00
3.9,1.8,0.00
3.9,1.9,0.00
3.9,2,0.00
3.9,2.1,0.00
3.9,2.2,0.00
3.9,2.4,0.00
3.9,2.5,0.00
3.9,2.6,0.00
3.9,2.7,0.00
3.9,2.8,0.00
3.9,2.9,0.00
3.9,3.1,0.00
3.9,3.2,0.00
3.9,3.3,0.00
3.9,3.4,0.00
3.9,3.5,0.00
3.9,3.7,0.00
3.9,4.2,0.00
3.9,3,0.00
3.9,-3,0.00
3.8,-0.1,0.07
3.8,0.3,0.06
3.8,1.6,0.06
3.8,0.7,0.06
3.8,0.1,0.05
3.8,0,0.04
3.8,0.4,0.03
3.8,0.5,0.03
3.8,-0.5,0.03
3.8,-0.3,0.02
3.8,0.2,0.02
3.8,0.8,0.02
3.8,0.6,0.02
3.8,-0.2,0.02
3.8,-1,0.02
3.8,1.3,0.02
3.8,-0.4,0.01
3.8,0.9,0.01
3.8,-5.1,0.00
3.8,-3.8,0.00
3.8,-3.4,0.00
3.8,-3.3,0.00
3.8,-3.1,0.00
3.8,-3,0.00
3.8,-2.9,0.00
3.8,-2.8,0.00
3.8,-2.7,0.00
3.8,-2.6,0.00
3.8,-2.5,0.00
3.8,-2.4,0.00
3.8,-2.3,0.00
3.8,-2.2,0.00
3.8,-2.1,0.00
3.8,-2,0.00
3.8,-1.9,0.00
3.8,-1.8,0.00
3.8,-1.7,0.00
3.8,-1.6,0.00
3.8,-1.5,0.00
3.8,-1.4,0.00
3.8,-1.3,0.00
3.8,-1.2,0.00
3.8,-1.1,0.00
3.8,-0.9,0.00
3.8,-0.8,0.00
3.8,-0.7,0.00
3.8,-0.6,0.00
3.8,1,0.00
3.8,1.1,0.00
3.8,1.2,0.00
3.8,1.4,0.00
3.8,1.5,0.00
3.8,1.7,0.00
3.8,1.8,0.00
3.8,1.9,0.00
3.8,2,0.00
3.8,2.1,0.00
3.8,2.2,0.00
3.8,2.3,0.00
3.8,2.4,0.00
3.8,2.5,0.00
3.8,2.6,0.00
3.8,2.7,0.00
3.8,2.8,0.00
3.8,2.9,0.00
3.8,3,0.00
3.8,3.1,0.00
3.8,3.2,0.00
3.8,3.3,0.00
3.8,3.4,0.00
3.8,3.5,0.00
3.8,3.6,0.00
3.8,3.7,0.00
3.8,3.8,0.00
3.8,4,0.00
3.7,0.3,0.11
3.7,0.4,0.11
3.7,2.3,0.09
3.7,0.7,0.08
3.7,0.2,0.08
3.7,-0.2,0.08
3.7,-0.3,0.07
3.7,0.5,0.07
3.7,0,0.06
3.7,0.1,0.06
3.7,-0.1,0.06
3.7,0.6,0.06
3.7,-1,0.06
3.7,-2,0.05
3.7,-0.8,0.05
3.7,-0.5,0.04
3.7,-0.6,0.04
3.7,-0.4,0.03
3.7,0.9,0.03
3.7,-0.9,0.03
3.7,-0.7,0.03
3.7,-1.3,0.03
3.7,0.8,0.02
3.7,1,0.01
3.7,1.1,0.01
3.7,1.2,0.01
3.7,-5.6,0.00
3.7,-3.3,0.00
3.7,-3.2,0.00
3.7,-3.1,0.00
3.7,-3,0.00
3.7,-2.9,0.00
3.7,-2.8,0.00
3.7,-2.7,0.00
3.7,-2.6,0.00
3.7,-2.5,0.00
3.7,-2.4,0.00
3.7,-2.3,0.00
3.7,-2.2,0.00
3.7,-2.1,0.00
3.7,-1.9,0.00
3.7,-1.8,0.00
3.7,-1.7,0.00
3.7,-1.6,0.00
3.7,-1.5,0.00
3.7,-1.4,0.00
3.7,-1.2,0.00
3.7,-1.1,0.00
3.7,1.3,0.00
3.7,1.4,0.00
3.7,1.5,0.00
3.7,1.6,0.00
3.7,1.7,0.00
3.7,1.8,0.00
3.7,1.9,0.00
3.7,2,0.00
3.7,2.1,0.00
3.7,2.2,0.00
3.7,2.4,0.00
3.7,2.5,0.00
3.7,2.6,0.00
3.7,2.7,0.00
3.7,2.8,0.00
3.7,2.9,0.00
3.7,3,0.00
3.7,3.1,0.00
3.7,3.2,0.00
3.7,3.4,0.00
3.7,3.5,0.00
3.7,3.6,0.00
3.7,3.9,0.00
3.7,4,0.00
3.6,-0.1,0.25
3.6,-0.2,0.22
3.6,-0.5,0.20
3.6,0,0.19
3.6,0.7,0.19
3.6,0.3,0.17
3.6,-0.3,0.16
3.6,0.6,0.15
3.6,0.5,0.15
3.6,0.2,0.14
3.6,0.4,0.13
3.6,-0.4,0.13
3.6,-0.6,0.12
3.6,0.8,0.11
3.6,0.1,0.10
3.6,-0.8,0.10
3.6,-0.7,0.09
3.6,-2.4,0.09
3.6,0.9,0.06
3.6,-0.9,0.06
3.6,1,0.05
3.6,-1.2,0.04
3.6,1.1,0.04
3.6,-1.8,0.03
3.6,-1,0.02
3.6,-1.3,0.02
3.6,-1.1,0.02
3.6,1.2,0.01
3.6,-3.5,0.00
3.6,-3.4,0.00
3.6,-3.3,0.00
3.6,-3.2,0.00
3.6,-3,0.00
3.6,-2.9,0.00
3.6,-2.8,0.00
3.6,-2.7,0.00
3.6,-2.6,0.00
3.6,-2.5,0.00
3.6,-2.3,0.00
3.6,-2.2,0.00
3.6,-2.1,0.00
3.6,-2,0.00
3.6,-1.9,0.00
3.6,-1.7,0.00
3.6,-1.6,0.00
3.6,-1.5,0.00
3.6,-1.4,0.00
3.6,1.3,0.00
3.6,1.4,0.00
3.6,1.5,0.00
3.6,1.6,0.00
3.6,1.7,0.00
3.6,1.8,0.00
3.6,1.9,0.00
3.6,2,0.00
3.6,2.1,0.00
3.6,2.2,0.00
3.6,2.3,0.00
3.6,2.4,0.00
3.6,2.5,0.00
3.6,2.6,0.00
3.6,2.7,0.00
3.6,2.8,0.00
3.6,2.9,0.00
3.6,3,0.00
3.6,3.1,0.00
3.6,3.2,0.00
3.6,3.3,0.00
3.6,3.4,0.00
3.6,3.5,0.00
3.6,3.6,0.00
3.6,3.7,0.00
3.5,0.1,0.51
3.5,0.3,0.45
3.5,0,0.40
3.5,-0.2,0.38
3.5,0.5,0.37
3.5,0.2,0.37
3.5,0.4,0.33
3.5,-0.5,0.32
3.5,-0.3,0.32
3.5,-0.6,0.30
3.5,-0.1,0.30
3.5,-0.4,0.29
3.5,0.7,0.27
3.5,0.6,0.26
3.5,-0.8,0.23
3.5,-0.7,0.21
3.5,2.7,0.17
3.5,0.8,0.14
3.5,0.9,0.13
3.5,-1,0.10
3.5,1.1,0.07
3.5,-0.9,0.06
3.5,1.2,0.05
3.5,-1.1,0.04
3.5,-1.2,0.04
3.5,1,0.03
3.5,-1.5,0.02
3.5,-1.4,0.02
3.5,-1.3,0.01
3.5,1.3,0.01
3.5,-3.8,0.00
3.5,-3.6,0.00
3.5,-3.5,0.00
3.5,-3.4,0.00
3.5,-3.3,0.00
3.5,-3.1,0.00
3.5,-2.9,0.00
3.5,-2.8,0.00
3.5,-2.7,0.00
3.5,-2.6,0.00
3.5,-2.5,0.00
3.5,-2.4,0.00
3.5,-2.3,0.00
3.5,-2.2,0.00
3.5,-2.1,0.00
3.5,-2,0.00
3.5,-1.9,0.00
3.5,-1.8,0.00
3.5,-1.7,0.00
3.5,-1.6,0.00
3.5,1.4,0.00
3.5,1.5,0.00
3.5,1.6,0.00
3.5,1.7,0.00
3.5,1.8,0.00
3.5,1.9,0.00
3.5,2,0.00
3.5,2.1,0.00
3.5,2.2,0.00
3.5,2.3,0.00
3.5,2.4,0.00
3.5,2.5,0.00
3.5,2.6,0.00
3.5,2.8,0.00
3.5,2.9,0.00
3.5,3,0.00
3.5,3.1,0.00
3.5,3.2,0.00
3.5,3.3,0.00
3.5,3.4,0.00
3.5,3.5,0.00
3.5,3.6,0.00
3.5,4.1,0.00
3.5,4.2,0.00
3.5,-3,0.00
3.4,0.2,0.64
3.4,0,0.63
3.4,0.1,0.58
3.4,-0.3,0.55
3.4,-0.1,0.53
3.4,-0.2,0.52
3.4,0.3,0.51
3.4,0.5,0.50
3.4,0.4,0.48
3.4,-0.4,0.47
3.4,0.6,0.47
3.4,-0.5,0.41
3.4,0.7,0.39
3.4,-0.6,0.36
3.4,-0.7,0.36
3.4,0.8,0.33
3.4,-0.8,0.31
3.4,0.9,0.31
3.4,-0.9,0.20
3.4,-1,0.16
3.4,1,0.15
3.4,-1.1,0.14
3.4,-1.3,0.08
3.4,1.2,0.06
3.4,1.1,0.06
3.4,-1.2,0.05
3.4,1.3,0.05
3.4,1.8,0.02
3.4,-1.4,0.02
3.4,-4.8,0.00
3.4,-3.4,0.00
3.4,-3.3,0.00
3.4,-3.2,0.00
3.4,-3,0.00
3.4,-2.9,0.00
3.4,-2.8,0.00
3.4,-2.7,0.00
3.4,-2.6,0.00
3.4,-2.5,0.00
3.4,-2.4,0.00
3.4,-2.3,0.00
3.4,-2.2,0.00
3.4,-2.1,0.00
3.4,-2,0.00
3.4,-1.9,0.00
3.4,-1.8,0.00
3.4,-1.7,0.00
3.4,-1.6,0.00
3.4,-1.5,0.00
3.4,1.4,0.00
3.4,1.5,0.00
3.4,1.6,0.00
3.4,1.7,0.00
3.4,1.9,0.00
3.4,2,0.00
3.4,2.1,0.00
3.4,2.2,0.00
3.4,2.3,0.00
3.4,2.4,0.00
3.4,2.5,0.00
3.4,2.6,0.00
3.4,2.7,0.00
3.4,2.8,0.00
3.4,2.9,0.00
3.4,3,0.00
3.4,3.1,0.00
3.4,3.2,0.00
3.4,3.3,0.00
3.4,3.4,0.00
3.4,3.6,0.00
3.4,3.7,0.00
3.4,3.9,0.00
3.4,4.1,0.00
3.3,0,0.77
3.3,-0.1,0.73
3.3,0.4,0.71
3.3,0.6,0.71
3.3,0.3,0.69
3.3,0.2,0.69
3.3,-0.3,0.66
3.3,-0.2,0.66
3.3,0.5,0.66
3.3,0.1,0.65
3.3,-0.5,0.64
3.3,-0.6,0.64
3.3,-0.4,0.63
3.3,-0.7,0.60
3.3,0.7,0.56
3.3,0.8,0.48
3.3,-0.8,0.46
3.3,0.9,0.38
3.3,-0.9,0.31
3.3,1,0.26
3.3,1.1,0.21
3.3,-1,0.20
3.3,-1.1,0.18
3.3,1.2,0.15
3.3,-1.2,0.12
3.3,1.3,0.12
3.3,-1.3,0.04
3.3,-1.7,0.04
3.3,2,0.03
3.3,-4.9,0.00
3.3,-4.1,0.00
3.3,-3.7,0.00
3.3,-3.6,0.00
3.3,-3.5,0.00
3.3,-3.3,0.00
3.3,-3.2,0.00
3.3,-3.1,0.00
3.3,-3,0.00
3.3,-2.9,0.00
3.3,-2.8,0.00
3.3,-2.7,0.00
3.3,-2.6,0.00
3.3,-2.5,0.00
3.3,-2.4,0.00
3.3,-2.3,0.00
3.3,-2.2,0.00
3.3,-2.1,0.00
3.3,-2,0.00
3.3,-1.9,0.00
3.3,-1.8,0.00
3.3,-1.6,0.00
3.3,-1.5,0.00
3.3,-1.4,0.00
3.3,1.4,0.00
3.3,1.5,0.00
3.3,1.6,0.00
3.3,1.7,0.00
3.3,1.8,0.00
3.3,1.9,0.00
3.3,2.1,0.00
3.3,2.2,0.00
3.3,2.3,0.00
3.3,2.4,0.00
3.3,2.5,0.00
3.3,2.6,0.00
3.3,2.7,0.00
3.3,2.8,0.00
3.3,2.9,0.00
3.3,3,0.00
3.3,3.1,0.00
3.3,3.2,0.00
3.3,3.3,0.00
3.3,3.4,0.00
3.3,3.6,0.00
3.3,4.4,0.00
3.2,-0.4,0.89
3.2,-0.3,0.87
3.2,0.3,0.86
3.2,0.1,0.85
3.2,0.4,0.85
3.2,0.2,0.82
3.2,-0.1,0.82
3.2,0,0.80
3.2,0.5,0.78
3.2,0.6,0.78
3.2,-0.2,0.77
3.2,-0.5,0.77
3.2,0.7,0.76
3.2,-0.7,0.72
3.2,-0.6,0.71
3.2,-0.8,0.71
3.2,0.8,0.59
3.2,0.9,0.49
3.2,-0.9,0.42
3.2,-1,0.38
3.2,1,0.35
3.2,1.1,0.28
3.2,-1.1,0.27
3.2,-1.2,0.19
3.2,-1.3,0.18
3.2,1.2,0.15
3.2,1.3,0.07
3.2,1.4,0.06
3.2,1.7,0.04
3.2,-2,0.03
3.2,1.8,0.02
3.2,-1.5,0.01
3.2,1.5,0.01
3.2,-1.4,0.01
3.2,1.6,0.01
3.2,-4.7,0.00
3.2,-3.9,0.00
3.2,-3.7,0.00
3.2,-3.6,0.00
3.2,-3.4,0.00
3.2,-3.3,0.00
3.2,-3.1,0.00
3.2,-3,0.00
3.2,-2.9,0.00
3.2,-2.8,0.00
3.2,-2.7,0.00
3.2,-2.6,0.00
3.2,-2.5,0.00
3.2,-2.4,0.00
3.2,-2.3,0.00
3.2,-2.2,0.00
3.2,-2.1,0.00
3.2,-1.9,0.00
3.2,-1.8,0.00
3.2,-1.7,0.00
3.2,-1.6,0.00
3.2,1.9,0.00
3.2,2,0.00
3.2,2.1,0.00
3.2,2.2,0.00
3.2,2.3,0.00
3.2,2.4,0.00
3.2,2.5,0.00
3.2,2.6,0.00
3.2,2.7,0.00
3.2,2.8,0.00
3.2,2.9,0.00
3.2,3,0.00
3.2,3.1,0.00
3.2,3.2,0.00
3.2,3.3,0.00
3.2,3.4,0.00
3.2,3.5,0.00
3.1,0.3,0.95
3.1,-0.1,0.95
3.1,0,0.94
3.1,0.2,0.94
3.1,-0.2,0.93
3.1,0.1,0.92
3.1,0.5,0.92
3.1,0.4,0.91
3.1,-0.6,0.90
3.1,-0.3,0.89
3.1,-0.5,0.87
3.1,0.6,0.86
3.1,-0.4,0.84
3.1,0.7,0.81
3.1,-0.7,0.79
3.1,0.8,0.77
3.1,-0.8,0.70
3.1,0.9,0.66
3.1,-0.9,0.65
3.1,1,0.45
3.1,-1,0.43
3.1,-1.1,0.40
3.1,1.1,0.35
3.1,-1.2,0.34
3.1,1.2,0.23
3.1,-1.4,0.14
3.1,-1.3,0.11
3.1,-2.4,0.11
3.1,1.3,0.10
3.1,1.4,0.07
3.1,2.3,0.05
3.1,-2.1,0.04
3.1,1.5,0.03
3.1,-1.8,0.03
3.1,-1.6,0.02
3.1,1.6,0.01
3.1,-3.8,0.00
3.1,-3.6,0.00
3.1,-3.4,0.00
3.1,-3.3,0.00
3.1,-3,0.00
3.1,-2.9,0.00
3.1,-2.8,0.00
3.1,-2.7,0.00
3.1,-2.6,0.00
3.1,-2.5,0.00
3.1,-2.3,0.00
3.1,-2.2,0.00
3.1,-2,0.00
3.1,-1.9,0.00
3.1,-1.7,0.00
3.1,-1.5,0.00
3.1,1.7,0.00
3.1,1.8,0.00
3.1,1.9,0.00
3.1,2,0.00
3.1,2.1,0.00
3.1,2.2,0.00
3.1,2.4,0.00
3.1,2.5,0.00
3.1,2.6,0.00
3.1,2.7,0.00
3.1,2.8,0.00
3.1,2.9,0.00
3.1,3,0.00
3.1,3.1,0.00
3.1,3.2,0.00
3.1,3.3,0.00
3.1,3.5,0.00
3.1,3.6,0.00
3.1,3.7,0.00
3.1,4.5,0.00
3,-0.2,0.98
3,-0.1,0.96
3,-0.3,0.96
3,0.4,0.96
3,0,0.96
3,0.1,0.96
3,0.2,0.95
3,0.3,0.94
3,-0.4,0.93
3,-0.6,0.93
3,0.7,0.92
3,0.5,0.91
3,0.6,0.91
3,-0.5,0.88
3,-0.7,0.87
3,0.8,0.84
3,-0.8,0.83
3,0.9,0.74
3,-0.9,0.70
3,-1,0.62
3,1,0.61
3,-1.1,0.48
3,1.1,0.36
3,-1.2,0.27
3,1.2,0.25
3,-1.3,0.22
3,2.6,0.17
3,1.3,0.16
3,1.4,0.10
3,-1.5,0.09
3,-1.4,0.06
3,-2.1,0.04
3,-1.7,0.03
3,1.6,0.02
3,1.9,0.02
3,-1.8,0.02
3,1.5,0.01
3,-4,0.00
3,-3.4,0.00
3,-3.3,0.00
3,-3.2,0.00
3,-3.1,0.00
3,-3,0.00
3,-2.9,0.00
3,-2.8,0.00
3,-2.7,0.00
3,-2.6,0.00
3,-2.5,0.00
3,-2.4,0.00
3,-2.3,0.00
3,-2.2,0.00
3,-2,0.00
3,-1.9,0.00
3,-1.6,0.00
3,1.7,0.00
3,1.8,0.00
3,2,0.00
3,2.1,0.00
3,2.2,0.00
3,2.3,0.00
3,2.4,0.00
3,2.5,0.00
3,2.7,0.00
3,2.8,0.00
3,2.9,0.00
3,3,0.00
3,3.1,0.00
3,3.2,0.00
3,3.3,0.00
3,3.4,0.00
3,3.5,0.00
3,3.8,0.00
3,4,0.00
2.9,0.2,1.00
2.9,0.5,0.99
2.9,-0.2,0.98
2.9,-0.4,0.98
2.9,0.1,0.98
2.9,-0.3,0.97
2.9,0.3,0.97
2.9,0.4,0.97
2.9,0,0.96
2.9,0.6,0.96
2.9,-0.1,0.95
2.9,-0.5,0.95
2.9,-0.6,0.93
2.9,0.7,0.93
2.9,-0.8,0.93
2.9,-0.7,0.92
2.9,0.8,0.85
2.9,-0.9,0.81
2.9,0.9,0.69
2.9,-1,0.64
2.9,1,0.62
2.9,1.1,0.54
2.9,-1.1,0.46
2.9,-1.2,0.43
2.9,-1.3,0.29
2.9,1.2,0.28
2.9,1.3,0.19
2.9,-1.4,0.14
2.9,-1.5,0.07
2.9,-1.6,0.06
2.9,1.4,0.06
2.9,1.5,0.05
2.9,-1.7,0.02
2.9,1.7,0.02
2.9,1.6,0.01
2.9,-3.9,0.00
2.9,-3.7,0.00
2.9,-3.4,0.00
2.9,-3.1,0.00
2.9,-3,0.00
2.9,-2.9,0.00
2.9,-2.8,0.00
2.9,-2.7,0.00
2.9,-2.6,0.00
2.9,-2.5,0.00
2.9,-2.4,0.00
2.9,-2.3,0.00
2.9,-2.2,0.00
2.9,-2.1,0.00
2.9,-2,0.00
2.9,-1.9,0.00
2.9,-1.8,0.00
2.9,1.8,0.00
2.9,1.9,0.00
2.9,2,0.00
2.9,2.1,0.00
2.9,2.2,0.00
2.9,2.3,0.00
2.9,2.4,0.00
2.9,2.5,0.00
2.9,2.6,0.00
2.9,2.7,0.00
2.9,2.8,0.00
2.9,2.9,0.00
2.9,3,0.00
2.9,3.1,0.00
2.9,3.2,0.00
2.9,3.3,0.00
2.9,3.4,0.00
2.9,3.5,0.00
2.9,3.8,0.00
2.9,4,0.00
2.9,4.7,0.00
2.8,-0.5,1.00
2.8,-0.4,1.00
2.8,-0.3,1.00
2.8,0,1.00
2.8,0.6,1.00
2.8,0.1,0.99
2.8,-0.1,0.99
2.8,-0.2,0.99
2.8,0.4,0.99
2.8,0.3,0.98
2.8,0.2,0.98
2.8,0.5,0.96
2.8,0.7,0.96
2.8,0.8,0.96
2.8,-0.7,0.95
2.8,-0.6,0.95
2.8,-0.8,0.91
2.8,-0.9,0.82
2.8,0.9,0.82
2.8,1,0.73
2.8,-1,0.58
2.8,-1.1,0.55
2.8,1.1,0.48
2.8,1.2,0.36
2.8,-1.2,0.35
2.8,-1.3,0.32
2.8,1.3,0.16
2.8,-1.4,0.14
2.8,1.4,0.11
2.8,1.5,0.09
2.8,-2.3,0.07
2.8,2.3,0.04
2.8,-1.5,0.04
2.8,2.1,0.03
2.8,1.6,0.03
2.8,-1.7,0.03
2.8,-1.6,0.02
2.8,-1.8,0.02
2.8,-4.5,0.00
2.8,-3.6,0.00
2.8,-3.5,0.00
2.8,-3.4,0.00
2.8,-3.1,0.00
2.8,-3,0.00
2.8,-2.9,0.00
2.8,-2.8,0.00
2.8,-2.7,0.00
2.8,-2.6,0.00
2.8,-2.5,0.00
2.8,-2.4,0.00
2.8,-2.2,0.00
2.8,-2.1,0.00
2.8,-2,0.00
2.8,-1.9,0.00
2.8,1.7,0.00
2.8,1.8,0.00
2.8,1.9,0.00
2.8,2,0.00
2.8,2.2,0.00
2.8,2.4,0.00
2.8,2.5,0.00
2.8,2.6,0.00
2.8,2.7,0.00
2.8,2.8,0.00
2.8,2.9,0.00
2.8,3,0.00
2.8,3.1,0.00
2.8,3.2,0.00
2.8,3.4,0.00
2.8,3.6,0.00
2.8,4,0.00
2.8,4.6,0.00
2.7,-0.4,1.00
2.7,-0.3,1.00
2.7,0,1.00
2.7,0.1,1.00
2.7,0.4,1.00
2.7,0.5,1.00
2.7,-0.1,0.99
2.7,0.3,0.99
2.7,-0.2,0.98
2.7,0.2,0.97
2.7,-0.5,0.97
2.7,-0.6,0.97
2.7,0.7,0.97
2.7,0.6,0.96
2.7,-0.7,0.96
2.7,0.8,0.92
2.7,-0.8,0.90
2.7,-0.9,0.84
2.7,0.9,0.81
2.7,-1,0.72
2.7,1,0.68
2.7,-1.1,0.62
2.7,1.1,0.51
2.7,1.2,0.44
2.7,-1.2,0.42
2.7,-1.3,0.32
2.7,1.3,0.24
2.7,-1.4,0.17
2.7,1.4,0.12
2.7,1.5,0.09
2.7,-1.5,0.08
2.7,1.6,0.03
2.7,-1.6,0.03
2.7,-1.9,0.02
2.7,2,0.02
2.7,1.8,0.02
2.7,1.7,0.01
2.7,-1.7,0.01
2.7,-4.4,0.00
2.7,-4.2,0.00
2.7,-3.3,0.00
2.7,-3.2,0.00
2.7,-3.1,0.00
2.7,-3,0.00
2.7,-2.9,0.00
2.7,-2.8,0.00
2.7,-2.7,0.00
2.7,-2.6,0.00
2.7,-2.5,0.00
2.7,-2.4,0.00
2.7,-2.3,0.00
2.7,-2.2,0.00
2.7,-2.1,0.00
2.7,-2,0.00
2.7,-1.8,0.00
2.7,1.9,0.00
2.7,2.1,0.00
2.7,2.2,0.00
2.7,2.3,0.00
2.7,2.4,0.00
2.7,2.5,0.00
2.7,2.6,0.00
2.7,2.7,0.00
2.7,2.8,0.00
2.7,2.9,0.00
2.7,3,0.00
2.7,3.1,0.00
2.7,3.2,0.00
2.7,3.4,0.00
2.7,3.5,0.00
2.7,3.6,0.00
2.7,3.8,0.00
2.7,3.9,0.00
2.7,5,0.00
2.6,-0.1,1.00
2.6,0,1.00
2.6,-0.5,0.99
2.6,-0.4,0.99
2.6,-0.3,0.98
2.6,0.4,0.98
2.6,0.2,0.98
2.6,0.5,0.98
2.6,0.3,0.97
2.6,0.6,0.97
2.6,-0.2,0.97
2.6,-0.6,0.97
2.6,0.7,0.97
2.6,-0.7,0.96
2.6,0.8,0.96
2.6,0.1,0.95
2.6,-0.8,0.93
2.6,0.9,0.82
2.6,-1,0.81
2.6,-0.9,0.78
2.6,1,0.74
2.6,-1.1,0.63
2.6,1.1,0.52
2.6,-1.2,0.44
2.6,-1.3,0.35
2.6,1.2,0.34
2.6,1.3,0.19
2.6,-1.4,0.13
2.6,1.4,0.13
2.6,1.5,0.08
2.6,-1.5,0.08
2.6,-1.7,0.05
2.6,-1.6,0.04
2.6,1.6,0.04
2.6,1.9,0.02
2.6,1.8,0.02
2.6,-4.8,0.00
2.6,-3.6,0.00
2.6,-3.5,0.00
2.6,-3.4,0.00
2.6,-3.2,0.00
2.6,-3.1,0.00
2.6,-3,0.00
2.6,-2.9,0.00
2.6,-2.8,0.00
2.6,-2.7,0.00
2.6,-2.6,0.00
2.6,-2.5,0.00
2.6,-2.4,0.00
2.6,-2.3,0.00
2.6,-2.2,0.00
2.6,-2.1,0.00
2.6,-2,0.00
2.6,-1.9,0.00
2.6,-1.8,0.00
2.6,1.7,0.00
2.6,2,0.00
2.6,2.1,0.00
2.6,2.2,0.00
2.6,2.3,0.00
2.6,2.4,0.00
2.6,2.5,0.00
2.6,2.6,0.00
2.6,2.7,0.00
2.6,2.8,0.00
2.6,2.9,0.00
2.6,3,0.00
2.6,3.1,0.00
2.6,3.2,0.00
2.6,3.3,0.00
2.6,3.4,0.00
2.6,3.8,0.00
2.6,3.9,0.00
2.5,-0.2,1.00
2.5,-0.1,1.00
2.5,0.1,1.00
2.5,0.3,1.00
2.5,0.5,1.00
2.5,0,0.99
2.5,0.4,0.98
2.5,0.6,0.98
2.5,-0.3,0.98
2.5,-0.4,0.98
2.5,0.2,0.98
2.5,-0.6,0.98
2.5,0.7,0.98
2.5,-0.7,0.97
2.5,-0.5,0.97
2.5,0.8,0.93
2.5,-0.8,0.93
2.5,0.9,0.88
2.5,-0.9,0.88
2.5,-1,0.85
2.5,-1.1,0.69
2.5,1,0.68
2.5,1.1,0.59
2.5,-1.2,0.44
2.5,1.2,0.37
2.5,1.3,0.30
2.5,-1.3,0.28
2.5,-1.4,0.20
2.5,-1.5,0.14
2.5,1.4,0.13
2.5,-2.6,0.11
2.5,2.6,0.10
2.5,1.5,0.07
2.5,-1.6,0.04
2.5,1.6,0.04
2.5,1.7,0.03
2.5,-2.1,0.02
2.5,-1.7,0.02
2.5,1.8,0.02
2.5,-3.8,0.00
2.5,-3.7,0.00
2.5,-3.5,0.00
2.5,-3.4,0.00
2.5,-3.3,0.00
2.5,-3.2,0.00
2.5,-3.1,0.00
2.5,-3,0.00
2.5,-2.9,0.00
2.5,-2.7,0.00
2.5,-2.5,0.00
2.5,-2.4,0.00
2.5,-2.3,0.00
2.5,-2.2,0.00
2.5,-2,0.00
2.5,-1.9,0.00
2.5,-1.8,0.00
2.5,1.9,0.00
2.5,2,0.00
2.5,2.1,0.00
2.5,2.2,0.00
2.5,2.3,0.00
2.5,2.4,0.00
2.5,2.5,0.00
2.5,2.7,0.00
2.5,2.8,0.00
2.5,2.9,0.00
2.5,3,0.00
2.5,3.1,0.00
2.5,3.2,0.00
2.5,3.3,0.00
2.5,3.4,0.00
2.5,3.5,0.00
2.5,3.6,0.00
2.5,4.3,0.00
2.5,-2.8,0.00
2.4,0.1,1.00
2.4,0.2,1.00
2.4,0.3,1.00
2.4,0.4,0.99
2.4,-0.1,0.99
2.4,-0.3,0.99
2.4,0,0.98
2.4,0.6,0.98
2.4,-0.2,0.98
2.4,-0.4,0.98
2.4,-0.5,0.98
2.4,-0.6,0.97
2.4,0.5,0.97
2.4,0.7,0.96
2.4,-0.7,0.95
2.4,0.8,0.94
2.4,-0.8,0.90
2.4,0.9,0.88
2.4,-0.9,0.87
2.4,-1,0.71
2.4,1,0.69
2.4,-1.1,0.65
2.4,-1.2,0.54
2.4,1.1,0.53
2.4,1.2,0.40
2.4,-1.3,0.37
2.4,1.3,0.32
2.4,2.9,0.25
2.4,-1.4,0.22
2.4,1.4,0.17
2.4,-1.5,0.10
2.4,1.5,0.09
2.4,1.6,0.06
2.4,-1.6,0.04
2.4,-1.9,0.02
2.4,1.7,0.01
2.4,-1.7,0.01
2.4,-3.6,0.00
2.4,-3.5,0.00
2.4,-3.4,0.00
2.4,-3.3,0.00
2.4,-3.2,0.00
2.4,-3,0.00
2.4,-2.9,0.00
2.4,-2.8,0.00
2.4,-2.7,0.00
2.4,-2.6,0.00
2.4,-2.5,0.00
2.4,-2.4,0.00
2.4,-2.3,0.00
2.4,-2.2,0.00
2.4,-2.1,0.00
2.4,-2,0.00
2.4,-1.8,0.00
2.4,1.8,0.00
2.4,1.9,0.00
2.4,2,0.00
2.4,2.1,0.00
2.4,2.2,0.00
2.4,2.3,0.00
2.4,2.4,0.00
2.4,2.5,0.00
2.4,2.6,0.00
2.4,2.7,0.00
2.4,2.8,0.00
2.4,3,0.00
2.4,3.1,0.00
2.4,3.3,0.00
2.4,3.4,0.00
2.4,4,0.00
2.4,4.3,0.00
2.4,4.8,0.00
2.3,-0.1,1.00
2.3,0.1,0.99
2.3,0.3,0.99
2.3,-0.4,0.99
2.3,0.6,0.99
2.3,0.2,0.98
2.3,0.4,0.98
2.3,-0.2,0.98
2.3,-0.6,0.98
2.3,0,0.98
2.3,-0.3,0.97
2.3,-0.8,0.97
2.3,-0.5,0.97
2.3,0.5,0.97
2.3,-0.7,0.97
2.3,0.7,0.96
2.3,0.8,0.90
2.3,0.9,0.86
2.3,-0.9,0.81
2.3,1,0.74
2.3,-1,0.72
2.3,-1.1,0.62
2.3,1.1,0.59
2.3,-1.2,0.53
2.3,1.2,0.50
2.3,-1.3,0.33
2.3,1.3,0.33
2.3,-1.4,0.21
2.3,1.4,0.15
2.3,-1.5,0.10
2.3,1.5,0.05
2.3,-2.1,0.05
2.3,1.7,0.03
2.3,1.6,0.03
2.3,-1.6,0.03
2.3,-2,0.02
2.3,-1.8,0.01
2.3,-1.9,0.01
2.3,-1.7,0.01
2.3,-4.1,0.00
2.3,-3.6,0.00
2.3,-3.4,0.00
2.3,-3.3,0.00
2.3,-3.1,0.00
2.3,-3,0.00
2.3,-2.9,0.00
2.3,-2.8,0.00
2.3,-2.7,0.00
2.3,-2.6,0.00
2.3,-2.5,0.00
2.3,-2.4,0.00
2.3,-2.3,0.00
2.3,-2.2,0.00
2.3,1.8,0.00
2.3,1.9,0.00
2.3,2,0.00
2.3,2.1,0.00
2.3,2.2,0.00
2.3,2.3,0.00
2.3,2.4,0.00
2.3,2.5,0.00
2.3,2.6,0.00
2.3,2.7,0.00
2.3,2.8,0.00
2.3,2.9,0.00
2.3,3.1,0.00
2.3,3.3,0.00
2.3,3.5,0.00
2.3,3,0.00
2.2,-0.2,1.00
2.2,-0.1,1.00
2.2,0,1.00
2.2,0.1,0.99
2.2,0.2,0.99
2.2,0.4,0.99
2.2,-0.3,0.99
2.2,-0.4,0.99
2.2,-0.6,0.98
2.2,0.6,0.98
2.2,0.3,0.98
2.2,-0.5,0.98
2.2,0.5,0.97
2.2,0.7,0.96
2.2,-0.7,0.94
2.2,-0.8,0.93
2.2,0.9,0.89
2.2,0.8,0.89
2.2,-0.9,0.84
2.2,-1,0.76
2.2,1,0.70
2.2,1.1,0.63
2.2,-1.1,0.56
2.2,1.2,0.48
2.2,-1.2,0.42
2.2,1.3,0.40
2.2,-1.3,0.32
2.2,-1.4,0.20
2.2,1.4,0.15
2.2,-1.6,0.11
2.2,-1.5,0.07
2.2,1.5,0.04
2.2,1.6,0.04
2.2,-2.2,0.03
2.2,-1.7,0.03
2.2,1.7,0.03
2.2,-3.8,0.00
2.2,-3.7,0.00
2.2,-3.5,0.00
2.2,-3.4,0.00
2.2,-3.3,0.00
2.2,-3.2,0.00
2.2,-3.1,0.00
2.2,-3,0.00
2.2,-2.9,0.00
2.2,-2.8,0.00
2.2,-2.7,0.00
2.2,-2.6,0.00
2.2,-2.5,0.00
2.2,-2.4,0.00
2.2,-2.3,0.00
2.2,-2.1,0.00
2.2,-2,0.00
2.2,-1.9,0.00
2.2,-1.8,0.00
2.2,1.8,0.00
2.2,1.9,0.00
2.2,2,0.00
2.2,2.1,0.00
2.2,2.2,0.00
2.2,2.3,0.00
2.2,2.4,0.00
2.2,2.5,0.00
2.2,2.6,0.00
2.2,2.7,0.00
2.2,2.8,0.00
2.2,2.9,0.00
2.2,3,0.00
2.2,3.1,0.00
2.2,3.2,0.00
2.2,3.3,0.00
2.2,3.4,0.00
2.2,3.5,0.00
2.2,3.6,0.00
2.2,3.7,0.00
2.1,-0.1,0.99
2.1,0.3,0.99
2.1,-0.6,0.99
2.1,0,0.99
2.1,0.2,0.98
2.1,0.5,0.98
2.1,0.1,0.97
2.1,-0.2,0.97
2.1,-0.3,0.97
2.1,-0.5,0.97
2.1,0.4,0.96
2.1,-0.4,0.95
2.1,-0.7,0.94
2.1,0.6,0.94
2.1,0.7,0.93
2.1,0.8,0.90
2.1,-0.8,0.89
2.1,0.9,0.82
2.1,-0.9,0.81
2.1,1,0.75
2.1,-1,0.73
2.1,1.1,0.59
2.1,-1.1,0.57
2.1,-1.2,0.47
2.1,1.2,0.34
2.1,-1.3,0.32
2.1,1.3,0.29
2.1,-1.4,0.18
2.1,1.4,0.17
2.1,-1.5,0.10
2.1,1.5,0.10
2.1,-2.3,0.04
2.1,-1.8,0.04
2.1,2,0.04
2.1,2.1,0.03
2.1,1.6,0.02
2.1,-1.6,0.02
2.1,1.9,0.02
2.1,-2,0.02
2.1,1.7,0.01
2.1,-1.9,0.01
2.1,-1.7,0.01
2.1,-4.4,0.00
2.1,-4.3,0.00
2.1,-4.1,0.00
2.1,-3.4,0.00
2.1,-3.3,0.00
2.1,-3.2,0.00
2.1,-3.1,0.00
2.1,-3,0.00
2.1,-2.9,0.00
2.1,-2.8,0.00
2.1,-2.7,0.00
2.1,-2.6,0.00
2.1,-2.5,0.00
2.1,-2.4,0.00
2.1,-2.2,0.00
2.1,-2.1,0.00
2.1,1.8,0.00
2.1,2.2,0.00
2.1,2.3,0.00
2.1,2.4,0.00
2.1,2.5,0.00
2.1,2.6,0.00
2.1,2.7,0.00
2.1,2.8,0.00
2.1,2.9,0.00
2.1,3,0.00
2.1,3.1,0.00
2.1,3.2,0.00
2.1,3.3,0.00
2.1,3.5,0.00
2,-0.3,0.99
2,-0.2,0.99
2,0,0.99
2,-0.1,0.98
2,-0.4,0.98
2,0.1,0.98
2,0.3,0.98
2,0.2,0.97
2,-0.5,0.97
2,0.4,0.96
2,0.5,0.95
2,0.6,0.95
2,-0.7,0.94
2,0.7,0.94
2,-0.6,0.94
2,-0.8,0.90
2,0.8,0.87
2,0.9,0.80
2,-0.9,0.80
2,1,0.70
2,-1,0.64
2,-1.1,0.58
2,1.1,0.51
2,1.2,0.39
2,-1.2,0.38
2,-1.3,0.30
2,1.3,0.27
2,-1.4,0.19
2,1.4,0.15
2,-1.5,0.12
2,2.4,0.08
2,1.5,0.07
2,-1.6,0.05
2,-2,0.04
2,-1.7,0.04
2,2.1,0.03
2,-2.1,0.03
2,1.7,0.03
2,2,0.03
2,1.6,0.02
2,-1.8,0.01
2,-5.7,0.00
2,-4.2,0.00
2,-4.1,0.00
2,-3.9,0.00
2,-3.8,0.00
2,-3.3,0.00
2,-3.2,0.00
2,-3.1,0.00
2,-3,0.00
2,-2.9,0.00
2,-2.8,0.00
2,-2.7,0.00
2,-2.6,0.00
2,-2.5,0.00
2,-2.4,0.00
2,-2.3,0.00
2,-2.2,0.00
2,-1.9,0.00
2,1.8,0.00
2,1.9,0.00
2,2.2,0.00
2,2.3,0.00
2,2.5,0.00
2,2.6,0.00
2,2.7,0.00
2,2.8,0.00
2,2.9,0.00
2,3.1,0.00
2,3.3,0.00
2,3.4,0.00
2,3.7,0.00
2,4.5,0.00
2,3,0.00
1.9,-0.3,0.99
1.9,0.2,0.98
1.9,0.3,0.98
1.9,0.1,0.97
1.9,-0.2,0.96
1.9,0,0.96
1.9,-0.1,0.95
1.9,0.4,0.95
1.9,-0.4,0.95
1.9,0.5,0.93
1.9,-0.6,0.91
1.9,0.6,0.89
1.9,-0.5,0.88
1.9,0.7,0.86
1.9,-0.7,0.85
1.9,0.8,0.84
1.9,-0.8,0.83
1.9,0.9,0.75
1.9,-0.9,0.70
1.9,1,0.62
1.9,-1,0.62
1.9,-1.1,0.54
1.9,1.1,0.49
1.9,-1.2,0.38
1.9,1.2,0.34
1.9,-1.3,0.23
1.9,1.3,0.23
1.9,-1.4,0.12
1.9,2.5,0.11
1.9,1.4,0.10
1.9,-1.5,0.09
1.9,1.5,0.08
1.9,1.6,0.08
1.9,-1.6,0.07
1.9,1.8,0.05
1.9,-2.2,0.02
1.9,-1.7,0.02
1.9,-4.8,0.00
1.9,-3.9,0.00
1.9,-3.5,0.00
1.9,-3.4,0.00
1.9,-3.3,0.00
1.9,-3.2,0.00
1.9,-3.1,0.00
1.9,-3,0.00
1.9,-2.9,0.00
1.9,-2.8,0.00
1.9,-2.7,0.00
1.9,-2.6,0.00
1.9,-2.5,0.00
1.9,-2.4,0.00
1.9,-2.3,0.00
1.9,-2.1,0.00
1.9,-2,0.00
1.9,-1.9,0.00
1.9,-1.8,0.00
1.9,1.7,0.00
1.9,1.9,0.00
1.9,2,0.00
1.9,2.1,0.00
1.9,2.2,0.00
1.9,2.3,0.00
1.9,2.4,0.00
1.9,2.6,0.00
1.9,2.7,0.00
1.9,2.8,0.00
1.9,2.9,0.00
1.9,3,0.00
1.9,3.1,0.00
1.9,3.2,0.00
1.9,3.3,0.00
1.9,3.4,0.00
1.9,4.4,0.00
1.9,4.5,0.00
1.8,-0.3,0.96
1.8,0.3,0.95
1.8,-0.4,0.95
1.8,-0.2,0.94
1.8,0.2,0.94
1.8,0,0.94
1.8,0.1,0.93
1.8,0.5,0.92
1.8,-0.5,0.91
1.8,-0.1,0.90
1.8,-0.6,0.90
1.8,0.4,0.90
1.8,0.6,0.88
1.8,-0.7,0.82
1.8,0.7,0.82
1.8,-0.8,0.78
1.8,0.9,0.74
1.8,0.8,0.74
1.8,-0.9,0.70
1.8,1,0.54
1.8,-1,0.54
1.8,-1.1,0.44
1.8,1.1,0.42
1.8,-1.2,0.31
1.8,1.2,0.28
1.8,-1.3,0.19
1.8,1.3,0.16
1.8,-1.4,0.15
1.8,1.4,0.12
1.8,1.5,0.07
1.8,-1.5,0.04
1.8,1.6,0.03
1.8,-1.8,0.03
1.8,-1.6,0.02
1.8,-1.7,0.02
1.8,-2.1,0.02
1.8,-3.9,0.00
1.8,-3.5,0.00
1.8,-3.3,0.00
1.8,-3.2,0.00
1.8,-3.1,0.00
1.8,-3,0.00
1.8,-2.9,0.00
1.8,-2.8,0.00
1.8,-2.7,0.00
1.8,-2.6,0.00
1.8,-2.5,0.00
1.8,-2.4,0.00
1.8,-2.3,0.00
1.8,-2.2,0.00
1.8,-2,0.00
1.8,-1.9,0.00
1.8,1.7,0.00
1.8,1.8,0.00
1.8,1.9,0.00
1.8,2,0.00
1.8,2.1,0.00
1.8,2.2,0.00
1.8,2.3,0.00
1.8,2.4,0.00
1.8,2.5,0.00
1.8,2.6,0.00
1.8,2.7,0.00
1.8,2.8,0.00
1.8,2.9,0.00
1.8,3,0.00
1.8,3.1,0.00
1.8,3.2,0.00
1.8,3.3,0.00
1.7,0,0.91
1.7,0.2,0.89
1.7,0.1,0.88
1.7,-0.3,0.87
1.7,-0.2,0.86
1.7,0.3,0.84
1.7,-0.1,0.83
1.7,0.4,0.82
1.7,0.5,0.82
1.7,-0.4,0.81
1.7,-0.6,0.81
1.7,-0.7,0.77
1.7,-0.5,0.76
1.7,0.6,0.75
1.7,0.7,0.68
1.7,-0.8,0.67
1.7,0.8,0.60
1.7,0.9,0.57
1.7,-0.9,0.53
1.7,1,0.43
1.7,-1,0.42
1.7,-1.1,0.35
1.7,2.9,0.33
1.7,1.1,0.30
1.7,1.2,0.25
1.7,3,0.25
1.7,-1.2,0.22
1.7,1.3,0.22
1.7,-1.3,0.19
1.7,1.4,0.14
1.7,-1.4,0.08
1.7,-2.7,0.07
1.7,-2.4,0.06
1.7,-1.5,0.06
1.7,2.1,0.05
1.7,-2.3,0.03
1.7,1.9,0.03
1.7,1.7,0.02
1.7,-1.6,0.02
1.7,-4.2,0.00
1.7,-4.1,0.00
1.7,-3.9,0.00
1.7,-3.4,0.00
1.7,-3.3,0.00
1.7,-3.2,0.00
1.7,-3.1,0.00
1.7,-3,0.00
1.7,-2.9,0.00
1.7,-2.8,0.00
1.7,-2.6,0.00
1.7,-2.5,0.00
1.7,-2.2,0.00
1.7,-2.1,0.00
1.7,-2,0.00
1.7,-1.9,0.00
1.7,-1.8,0.00
1.7,-1.7,0.00
1.7,1.5,0.00
1.7,1.6,0.00
1.7,1.8,0.00
1.7,2,0.00
1.7,2.2,0.00
1.7,2.3,0.00
1.7,2.4,0.00
1.7,2.5,0.00
1.7,2.6,0.00
1.7,2.7,0.00
1.7,2.8,0.00
1.7,3.1,0.00
1.7,3.2,0.00
1.7,3.3,0.00
1.7,3.9,0.00
1.7,4,0.00
1.6,-0.1,0.77
1.6,0.2,0.76
1.6,-0.2,0.76
1.6,-0.3,0.74
1.6,0.1,0.73
1.6,0.4,0.73
1.6,0.3,0.69
1.6,-0.4,0.69
1.6,0,0.68
1.6,-0.5,0.66
1.6,0.5,0.65
1.6,-0.6,0.61
1.6,0.8,0.56
1.6,0.7,0.54
1.6,-0.7,0.52
1.6,0.6,0.52
1.6,-0.8,0.50
1.6,0.9,0.42
1.6,-0.9,0.40
1.6,1,0.37
1.6,-1,0.33
1.6,1.2,0.26
1.6,1.1,0.26
1.6,-1.1,0.22
1.6,2.5,0.14
1.6,-1.2,0.14
1.6,-1.3,0.10
1.6,1.3,0.10
1.6,1.9,0.06
1.6,-1.4,0.06
1.6,1.4,0.04
1.6,-1.5,0.03
1.6,-1.7,0.02
1.6,-1.6,0.02
1.6,1.8,0.02
1.6,-2,0.02
1.6,-3.6,0.00
1.6,-3.4,0.00
1.6,-3.3,0.00
1.6,-3.2,0.00
1.6,-3.1,0.00
1.6,-3,0.00
1.6,-2.9,0.00
1.6,-2.8,0.00
1.6,-2.7,0.00
1.6,-2.6,0.00
1.6,-2.5,0.00
1.6,-2.4,0.00
1.6,-2.3,0.00
1.6,-2.2,0.00
1.6,-2.1,0.00
1.6,-1.9,0.00
1.6,-1.8,0.00
1.6,1.5,0.00
1.6,1.6,0.00
1.6,1.7,0.00
1.6,2,0.00
1.6,2.1,0.00
1.6,2.2,0.00
1.6,2.3,0.00
1.6,2.4,0.00
1.6,2.6,0.00
1.6,2.7,0.00
1.6,2.8,0.00
1.6,2.9,0.00
1.6,3,0.00
1.6,3.1,0.00
1.6,3.2,0.00
1.6,3.3,0.00
1.6,3.4,0.00
1.5,-0.1,0.59
1.5,0.1,0.53
1.5,-0.5,0.52
1.5,0.2,0.52
1.5,-0.4,0.52
1.5,-0.3,0.51
1.5,0.5,0.51
1.5,0.4,0.51
1.5,-0.2,0.48
1.5,0,0.47
1.5,0.3,0.42
1.5,0.6,0.39
1.5,-0.6,0.38
1.5,0.7,0.37
1.5,-0.7,0.37
1.5,0.8,0.35
1.5,0.9,0.32
1.5,-0.8,0.30
1.5,-0.9,0.25
1.5,1.2,0.22
1.5,-1,0.21
1.5,1,0.18
1.5,1.1,0.18
1.5,-1.1,0.15
1.5,-2.6,0.13
1.5,-1.2,0.12
1.5,1.3,0.12
1.5,2.1,0.06
1.5,-1.4,0.06
1.5,1.9,0.05
1.5,1.4,0.05
1.5,-1.3,0.05
1.5,1.8,0.05
1.5,1.6,0.02
1.5,-1.8,0.01
1.5,-1.5,0.01
1.5,-1.6,0.01
1.5,-1.7,0.01
1.5,-4.4,0.00
1.5,-4,0.00
1.5,-3.6,0.00
1.5,-3.5,0.00
1.5,-3.4,0.00
1.5,-3.3,0.00
1.5,-3.2,0.00
1.5,-3.1,0.00
1.5,-3,0.00
1.5,-2.9,0.00
1.5,-2.8,0.00
1.5,-2.7,0.00
1.5,-2.5,0.00
1.5,-2.4,0.00
1.5,-2.3,0.00
1.5,-2.2,0.00
1.5,-2.1,0.00
1.5,-2,0.00
1.5,-1.9,0.00
1.5,1.5,0.00
1.5,1.7,0.00
1.5,2,0.00
1.5,2.2,0.00
1.5,2.3,0.00
1.5,2.4,0.00
1.5,2.5,0.00
1.5,2.6,0.00
1.5,2.7,0.00
1.5,2.8,0.00
1.5,2.9,0.00
1.5,3,0.00
1.5,3.2,0.00
1.4,0.2,0.39
1.4,0,0.38
1.4,-0.1,0.37
1.4,0.1,0.34
1.4,0.3,0.34
1.4,-0.2,0.34
1.4,-0.6,0.32
1.4,-0.4,0.31
1.4,0.4,0.30
1.4,-0.3,0.30
1.4,0.5,0.30
1.4,0.7,0.30
1.4,0.6,0.28
1.4,0.8,0.26
1.4,0.9,0.25
1.4,-0.7,0.24
1.4,-0.5,0.23
1.4,-0.9,0.19
1.4,-0.8,0.17
1.4,-2.9,0.14
1.4,1,0.10
1.4,1.2,0.09
1.4,-1.1,0.09
1.4,-1.2,0.09
1.4,-1,0.09
1.4,1.1,0.08
1.4,1.3,0.04
1.4,-1.3,0.03
1.4,1.4,0.03
1.4,-1.8,0.03
1.4,1.7,0.02
1.4,-1.4,0.02
1.4,-1.6,0.02
1.4,-2,0.02
1.4,-1.7,0.01
1.4,-4.6,0.00
1.4,-4.5,0.00
1.4,-3.8,0.00
1.4,-3.7,0.00
1.4,-3.6,0.00
1.4,-3.4,0.00
1.4,-3.3,0.00
1.4,-3.2,0.00
1.4,-3.1,0.00
1.4,-3,0.00
1.4,-2.8,0.00
1.4,-2.7,0.00
1.4,-2.6,0.00
1.4,-2.5,0.00
1.4,-2.4,0.00
1.4,-2.3,0.00
1.4,-2.2,0.00
1.4,-2.1,0.00
1.4,-1.9,0.00
1.4,-1.5,0.00
1.4,1.5,0.00
1.4,1.6,0.00
1.4,1.8,0.00
1.4,1.9,0.00
1.4,2,0.00
1.4,2.1,0.00
1.4,2.2,0.00
1.4,2.3,0.00
1.4,2.4,0.00
1.4,2.5,0.00
1.4,2.6,0.00
1.4,2.7,0.00
1.4,2.8,0.00
1.4,2.9,0.00
1.4,3,0.00
1.4,3.2,0.00
1.4,3.4,0.00
1.3,0.2,0.23
1.3,-0.3,0.22
1.3,-0.4,0.20
1.3,0,0.20
1.3,-0.2,0.19
1.3,0.3,0.18
1.3,0.7,0.18
1.3,0.1,0.18
1.3,-0.6,0.16
1.3,0.6,0.16
1.3,0.4,0.16
1.3,0.5,0.16
1.3,-0.5,0.15
1.3,-0.1,0.14
1.3,0.9,0.11
1.3,-0.7,0.11
1.3,0.8,0.09
1.3,-0.8,0.09
1.3,-0.9,0.08
1.3,-1,0.07
1.3,2,0.05
1.3,1.6,0.05
1.3,-1.1,0.04
1.3,1,0.04
1.3,1.3,0.04
1.3,1.2,0.04
1.3,1.1,0.03
1.3,-1.8,0.02
1.3,-2,0.02
1.3,-1.2,0.01
1.3,-1.7,0.01
1.3,-1.5,0.01
1.3,-1.4,0.01
1.3,-1.3,0.01
1.3,-4.3,0.00
1.3,-3.9,0.00
1.3,-3.8,0.00
1.3,-3.7,0.00
1.3,-3.4,0.00
1.3,-3.3,0.00
1.3,-3.2,0.00
1.3,-3.1,0.00
1.3,-3,0.00
1.3,-2.9,0.00
1.3,-2.8,0.00
1.3,-2.7,0.00
1.3,-2.6,0.00
1.3,-2.5,0.00
1.3,-2.4,0.00
1.3,-2.3,0.00
1.3,-2.2,0.00
1.3,-2.1,0.00
1.3,-1.9,0.00
1.3,-1.6,0.00
1.3,1.4,0.00
1.3,1.5,0.00
1.3,1.7,0.00
1.3,1.8,0.00
1.3,1.9,0.00
1.3,2.1,0.00
1.3,2.2,0.00
1.3,2.3,0.00
1.3,2.4,0.00
1.3,2.5,0.00
1.3,2.6,0.00
1.3,2.7,0.00
1.3,2.8,0.00
1.3,2.9,0.00
1.3,3,0.00
1.3,3.1,0.00
1.3,3.2,0.00
1.3,3.3,0.00
1.3,4.2,0.00
1.2,-0.1,0.16
1.2,0.2,0.13
1.2,0,0.13
1.2,0.1,0.10
1.2,0.4,0.10
1.2,0.3,0.10
1.2,-0.4,0.10
1.2,0.5,0.09
1.2,-0.5,0.09
1.2,-0.2,0.08
1.2,-0.3,0.08
1.2,1,0.05
1.2,0.7,0.05
1.2,0.9,0.05
1.2,0.6,0.05
1.2,-0.8,0.04
1.2,-0.9,0.04
1.2,1.8,0.03
1.2,-1.3,0.03
1.2,-0.7,0.03
1.2,-1.4,0.03
1.2,0.8,0.03
1.2,-0.6,0.03
1.2,-1.1,0.02
1.2,1.5,0.02
1.2,-1,0.02
1.2,-1.6,0.02
1.2,-2,0.02
1.2,-1.2,0.02
1.2,1.1,0.01
1.2,-1.5,0.01
1.2,-4.2,0.00
1.2,-3.9,0.00
1.2,-3.7,0.00
1.2,-3.5,0.00
1.2,-3.4,0.00
1.2,-3.3,0.00
1.2,-3.2,0.00
1.2,-3.1,0.00
1.2,-3,0.00
1.2,-2.9,0.00
1.2,-2.8,0.00
1.2,-2.7,0.00
1.2,-2.6,0.00
1.2,-2.5,0.00
1.2,-2.4,0.00
1.2,-2.3,0.00
1.2,-2.2,0.00
1.2,-2.1,0.00
1.2,-1.9,0.00
1.2,-1.8,0.00
1.2,-1.7,0.00
1.2,1.2,0.00
1.2,1.3,0.00
1.2,1.4,0.00
1.2,1.6,0.00
1.2,1.7,0.00
1.2,1.9,0.00
1.2,2,0.00
1.2,2.1,0.00
1.2,2.2,0.00
1.2,2.3,0.00
1.2,2.4,0.00
1.2,2.5,0.00
1.2,2.6,0.00
1.2,2.7,0.00
1.2,2.8,0.00
1.2,3,0.00
1.2,3.1,0.00
1.2,3.2,0.00
1.2,3.3,0.00
1.2,3.4,0.00
1.2,3.9,0.00
1.2,2.9,0.00
1.1,0.3,0.07
1.1,0.2,0.07
1.1,0.7,0.06
1.1,-0.3,0.06
1.1,1.9,0.05
1.1,0.1,0.05
1.1,-0.5,0.05
1.1,-0.1,0.04
1.1,0.6,0.04
1.1,-2.4,0.04
1.1,0,0.04
1.1,1.3,0.03
1.1,-0.6,0.03
1.1,1.4,0.03
1.1,1,0.03
1.1,-0.4,0.02
1.1,0.8,0.02
1.1,1.2,0.02
1.1,-0.7,0.02
1.1,-0.2,0.02
1.1,0.5,0.02
1.1,0.4,0.02
1.1,-1.1,0.02
1.1,0.9,0.01
1.1,-0.9,0.01
1.1,-0.8,0.01
1.1,-1,0.01
1.1,-1.7,0.01
1.1,-1.2,0.01
1.1,-1.3,0.01
1.1,-4.3,0.00
1.1,-3.9,0.00
1.1,-3.5,0.00
1.1,-3.4,0.00
1.1,-3.3,0.00
1.1,-3.2,0.00
1.1,-3.1,0.00
1.1,-3,0.00
1.1,-2.9,0.00
1.1,-2.8,0.00
1.1,-2.7,0.00
1.1,-2.6,0.00
1.1,-2.5,0.00
1.1,-2.3,0.00
1.1,-2.2,0.00
1.1,-2.1,0.00
1.1,-2,0.00
1.1,-1.9,0.00
1.1,-1.8,0.00
1.1,-1.6,0.00
1.1,-1.5,0.00
1.1,-1.4,0.00
1.1,1.1,0.00
1.1,1.5,0.00
1.1,1.6,0.00
1.1,1.7,0.00
1.1,1.8,0.00
1.1,2,0.00
1.1,2.1,0.00
1.1,2.2,0.00
1.1,2.3,0.00
1.1,2.4,0.00
1.1,2.5,0.00
1.1,2.6,0.00
1.1,2.7,0.00
1.1,2.8,0.00
1.1,2.9,0.00
1.1,3,0.00
1.1,3.3,0.00
1.1,3.7,0.00
1,0.4,0.05
1,1.8,0.05
1,0.6,0.04
1,-0.5,0.03
1,0.2,0.03
1,1.4,0.03
1,0.3,0.03
1,0.5,0.02
1,-2,0.02
1,0.1,0.02
1,-1.3,0.02
1,1.2,0.02
1,-0.2,0.02
1,-0.4,0.02
1,-1.1,0.02
1,-0.7,0.02
1,-0.1,0.02
1,-1.6,0.01
1,-1.7,0.01
1,-0.9,0.01
1,0.8,0.01
1,-1.4,0.01
1,0.7,0.01
1,-1.2,0.01
1,-1,0.01
1,-0.3,0.01
1,-0.8,0.01
1,0,0.01
1,-0.6,0.01
1,-4.1,0.00
1,-4,0.00
1,-3.9,0.00
1,-3.5,0.00
1,-3.4,0.00
1,-3.3,0.00
1,-3.2,0.00
1,-3.1,0.00
1,-3,0.00
1,-2.9,0.00
1,-2.8,0.00
1,-2.7,0.00
1,-2.6,0.00
1,-2.5,0.00
1,-2.4,0.00
1,-2.3,0.00
1,-2.2,0.00
1,-2.1,0.00
1,-1.9,0.00
1,-1.8,0.00
1,-1.5,0.00
1,0.9,0.00
1,1,0.00
1,1.1,0.00
1,1.3,0.00
1,1.5,0.00
1,1.6,0.00
1,1.7,0.00
1,1.9,0.00
1,2,0.00
1,2.1,0.00
1,2.2,0.00
1,2.3,0.00
1,2.4,0.00
1,2.5,0.00
1,2.6,0.00
1,2.7,0.00
1,2.8,0.00
1,2.9,0.00
1,3,0.00
1,3.1,0.00
1,3.2,0.00
1,3.3,0.00
1,3.5,0.00
1,3.7,0.00
1,3.8,0.00
1,3.9,0.00
1,4,0.00
0.9,-0.9,0.06
0.9,-2.4,0.05
0.9,0.3,0.04
0.9,0.9,0.03
0.9,-0.6,0.03
0.9,-0.2,0.03
0.9,0.7,0.03
0.9,-1.4,0.02
0.9,-1.7,0.02
0.9,0.4,0.02
0.9,-1.3,0.02
0.9,0.2,0.02
0.9,-1.1,0.02
0.9,1.1,0.02
0.9,0,0.02
0.9,-1.8,0.02
0.9,0.8,0.02
0.9,-0.7,0.01
0.9,0.5,0.01
0.9,-1.6,0.01
0.9,-1.2,0.01
0.9,-0.4,0.01
0.9,-1,0.01
0.9,0.1,0.01
0.9,-0.8,0.01
0.9,-4.1,0.00
0.9,-3.8,0.00
0.9,-3.7,0.00
0.9,-3.6,0.00
0.9,-3.5,0.00
0.9,-3.4,0.00
0.9,-3.2,0.00
0.9,-3.1,0.00
0.9,-3,0.00
0.9,-2.9,0.00
0.9,-2.8,0.00
0.9,-2.7,0.00
0.9,-2.6,0.00
0.9,-2.5,0.00
0.9,-2.3,0.00
0.9,-2.2,0.00
0.9,-2.1,0.00
0.9,-2,0.00
0.9,-1.9,0.00
0.9,-1.5,0.00
0.9,-0.5,0.00
0.9,-0.3,0.00
0.9,-0.1,0.00
0.9,0.6,0.00
0.9,1,0.00
0.9,1.2,0.00
0.9,1.3,0.00
0.9,1.4,0.00
0.9,1.5,0.00
0.9,1.6,0.00
0.9,1.7,0.00
0.9,1.8,0.00
0.9,1.9,0.00
0.9,2,0.00
0.9,2.1,0.00
0.9,2.2,0.00
0.9,2.3,0.00
0.9,2.4,0.00
0.9,2.5,0.00
0.9,2.6,0.00
0.9,2.8,0.00
0.9,2.9,0.00
0.9,3.3,0.00
0.9,3.4,0.00
0.9,3,0.00
0.9,2.7,0.00
0.8,-2.1,0.07
0.8,-2.4,0.06
0.8,0,0.04
0.8,-0.4,0.03
0.8,0.7,0.03
0.8,0.2,0.02
0.8,-1.5,0.02
0.8,0.9,0.02
0.8,-1.6,0.01
0.8,0.4,0.01
0.8,-1.4,0.01
0.8,0.3,0.01
0.8,-0.8,0.01
0.8,-1.1,0.01
0.8,-0.2,0.01
0.8,-0.9,0.01
0.8,-0.1,0.01
0.8,-0.6,0.01
0.8,-0.5,0.01
0.8,-0.3,0.01
0.8,-3.6,0.00
0.8,-3.4,0.00
0.8,-3.3,0.00
0.8,-3.2,0.00
0.8,-3.1,0.00
0.8,-3,0.00
0.8,-2.9,0.00
0.8,-2.8,0.00
0.8,-2.7,0.00
0.8,-2.6,0.00
0.8,-2.5,0.00
0.8,-2.3,0.00
0.8,-2.2,0.00
0.8,-2,0.00
0.8,-1.9,0.00
0.8,-1.8,0.00
0.8,-1.7,0.00
0.8,-1.3,0.00
0.8,-1.2,0.00
0.8,-1,0.00
0.8,-0.7,0.00
0.8,0.1,0.00
0.8,0.5,0.00
0.8,0.6,0.00
0.8,0.8,0.00
0.8,1,0.00
0.8,1.1,0.00
0.8,1.2,0.00
0.8,1.3,0.00
0.8,1.4,0.00
0.8,1.5,0.00
0.8,1.6,0.00
0.8,1.7,0.00
0.8,1.8,0.00
0.8,1.9,0.00
0.8,2,0.00
0.8,2.1,0.00
0.8,2.2,0.00
0.8,2.3,0.00
0.8,2.4,0.00
0.8,2.5,0.00
0.8,2.6,0.00
0.8,2.7,0.00
0.8,2.8,0.00
0.8,2.9,0.00
0.8,3,0.00
0.8,3.4,0.00
0.7,1.6,0.05
0.7,0.4,0.04
0.7,0.2,0.04
0.7,-0.2,0.03
0.7,-1,0.02
0.7,1,0.02
0.7,-0.1,0.02
0.7,-1.9,0.02
0.7,-1.4,0.02
0.7,-1.5,0.02
0.7,0,0.01
0.7,-1.3,0.01
0.7,-0.8,0.01
0.7,-0.9,0.01
0.7,-0.6,0.01
0.7,-0.7,0.01
0.7,-0.4,0.01
0.7,-4.4,0.00
0.7,-3.7,0.00
0.7,-3.6,0.00
0.7,-3.5,0.00
0.7,-3.4,0.00
0.7,-3.3,0.00
0.7,-3.2,0.00
0.7,-3.1,0.00
0.7,-3,0.00
0.7,-2.9,0.00
0.7,-2.8,0.00
0.7,-2.7,0.00
0.7,-2.6,0.00
0.7,-2.5,0.00
0.7,-2.4,0.00
0.7,-2.3,0.00
0.7,-2.2,0.00
0.7,-2.1,0.00
0.7,-2,0.00
0.7,-1.8,0.00
0.7,-1.7,0.00
0.7,-1.6,0.00
0.7,-1.2,0.00
0.7,-1.1,0.00
0.7,-0.5,0.00
0.7,-0.3,0.00
0.7,0.1,0.00
0.7,0.3,0.00
0.7,0.5,0.00
0.7,0.6,0.00
0.7,0.7,0.00
0.7,0.8,0.00
0.7,0.9,0.00
0.7,1.1,0.00
0.7,1.2,0.00
0.7,1.3,0.00
0.7,1.4,0.00
0.7,1.5,0.00
0.7,1.7,0.00
0.7,1.8,0.00
0.7,1.9,0.00
0.7,2,0.00
0.7,2.1,0.00
0.7,2.2,0.00
0.7,2.3,0.00
0.7,2.4,0.00
0.7,2.5,0.00
0.7,2.6,0.00
0.7,2.7,0.00
0.7,2.9,0.00
0.7,3,0.00
0.7,3.2,0.00
0.7,3.4,0.00
0.7,2.8,0.00
0.6,1.2,0.06
0.6,1,0.04
0.6,-0.5,0.03
0.6,-1.1,0.02
0.6,0.4,0.02
0.6,-1.3,0.02
0.6,-0.7,0.02
0.6,-1,0.01
0.6,-0.8,0.01
0.6,-4.5,0.00
0.6,-4.4,0.00
0.6,-3.7,0.00
0.6,-3.6,0.00
0.6,-3.5,0.00
0.6,-3.4,0.00
0.6,-3.3,0.00
0.6,-3.2,0.00
0.6,-3.1,0.00
0.6,-3,0.00
0.6,-2.9,0.00
0.6,-2.8,0.00
0.6,-2.7,0.00
0.6,-2.6,0.00
0.6,-2.5,0.00
0.6,-2.4,0.00
0.6,-2.3,0.00
0.6,-2.2,0.00
0.6,-2.1,0.00
0.6,-2,0.00
0.6,-1.9,0.00
0.6,-1.8,0.00
0.6,-1.7,0.00
0.6,-1.6,0.00
0.6,-1.5,0.00
0.6,-1.4,0.00
0.6,-1.2,0.00
0.6,-0.9,0.00
0.6,-0.6,0.00
0.6,-0.4,0.00
0.6,-0.3,0.00
0.6,-0.2,0.00
0.6,-0.1,0.00
0.6,0,0.00
0.6,0.1,0.00
0.6,0.2,0.00
0.6,0.3,0.00
0.6,0.5,0.00
0.6,0.6,0.00
0.6,0.7,0.00
0.6,0.8,0.00
0.6,0.9,0.00
0.6,1.1,0.00
0.6,1.3,0.00
0.6,1.4,0.00
0.6,1.5,0.00
0.6,1.6,0.00
0.6,1.7,0.00
0.6,1.8,0.00
0.6,1.9,0.00
0.6,2,0.00
0.6,2.1,0.00
0.6,2.2,0.00
0.6,2.3,0.00
0.6,2.4,0.00
0.6,2.5,0.00
0.6,2.6,0.00
0.6,2.7,0.00
0.6,2.8,0.00
0.6,2.9,0.00
0.6,3,0.00
0.6,3.2,0.00
0.6,3.3,0.00
0.6,3.5,0.00
0.6,5,0.00
0.5,-2.2,0.06
0.5,-0.2,0.04
0.5,0.6,0.02
0.5,0.8,0.02
0.5,-1.7,0.02
0.5,0,0.02
0.5,0.1,0.02
0.5,-1.2,0.02
0.5,-0.1,0.02
0.5,-0.7,0.01
0.5,-1,0.01
0.5,-0.8,0.01
0.5,-0.3,0.01
0.5,-0.5,0.01
0.5,-4.3,0.00
0.5,-4,0.00
0.5,-3.7,0.00
0.5,-3.6,0.00
0.5,-3.5,0.00
0.5,-3.4,0.00
0.5,-3.3,0.00
0.5,-3.2,0.00
0.5,-3.1,0.00
0.5,-3,0.00
0.5,-2.9,0.00
0.5,-2.8,0.00
0.5,-2.7,0.00
0.5,-2.6,0.00
0.5,-2.5,0.00
0.5,-2.4,0.00
0.5,-2.3,0.00
0.5,-2.1,0.00
0.5,-2,0.00
0.5,-1.9,0.00
0.5,-1.8,0.00
0.5,-1.6,0.00
0.5,-1.5,0.00
0.5,-1.4,0.00
0.5,-1.3,0.00
0.5,-1.1,0.00
0.5,-0.9,0.00
0.5,-0.6,0.00
0.5,-0.4,0.00
0.5,0.2,0.00
0.5,0.3,0.00
0.5,0.4,0.00
0.5,0.5,0.00
0.5,0.7,0.00
0.5,0.9,0.00
0.5,1,0.00
0.5,1.1,0.00
0.5,1.2,0.00
0.5,1.3,0.00
0.5,1.4,0.00
0.5,1.5,0.00
0.5,1.6,0.00
0.5,1.7,0.00
0.5,1.8,0.00
0.5,1.9,0.00
0.5,2,0.00
0.5,2.1,0.00
0.5,2.2,0.00
0.5,2.3,0.00
0.5,2.4,0.00
0.5,2.5,0.00
0.5,2.6,0.00
0.5,2.7,0.00
0.5,2.8,0.00
0.5,2.9,0.00
0.5,3,0.00
0.5,3.1,0.00
0.5,3.3,0.00
0.4,-3.6,0.00
0.4,-3.4,0.00
0.4,-3.3,0.00
0.4,-3.2,0.00
0.4,-3.1,0.00
0.4,-3,0.00
0.4,-2.9,0.00
0.4,-2.8,0.00
0.4,-2.7,0.00
0.4,-2.6,0.00
0.4,-2.5,0.00
0.4,-2.4,0.00
0.4,-2.3,0.00
0.4,-2.2,0.00
0.4,-2.1,0.00
0.4,-2,0.00
0.4,-1.9,0.00
0.4,-1.8,0.00
0.4,-1.7,0.00
0.4,-1.6,0.00
0.4,-1.5,0.00
0.4,-1.4,0.00
0.4,-1.3,0.00
0.4,-1.2,0.00
0.4,-1.1,0.00
0.4,-1,0.00
0.4,-0.9,0.00
0.4,-0.8,0.00
0.4,-0.7,0.00
0.4,-0.6,0.00
0.4,-0.5,0.00
0.4,-0.4,0.00
0.4,-0.3,0.00
0.4,-0.2,0.00
0.4,-0.1,0.00
0.4,0,0.00
0.4,0.1,0.00
0.4,0.2,0.00
0.4,0.3,0.00
0.4,0.4,0.00
0.4,0.5,0.00
0.4,0.6,0.00
0.4,0.7,0.00
0.4,0.8,0.00
0.4,0.9,0.00
0.4,1,0.00
0.4,1.1,0.00
0.4,1.2,0.00
0.4,1.3,0.00
0.4,1.4,0.00
0.4,1.5,0.00
0.4,1.6,0.00
0.4,1.7,0.00
0.4,1.8,0.00
0.4,1.9,0.00
0.4,2,0.00
0.4,2.1,0.00
0.4,2.2,0.00
0.4,2.3,0.00
0.4,2.4,0.00
0.4,2.5,0.00
0.4,2.7,0.00
0.4,2.8,0.00
0.4,3,0.00
0.4,3.5,0.00
0.4,2.9,0.00
0.4,2.6,0.00
0.3,-4.7,0.00
0.3,-3.7,0.00
0.3,-3.6,0.00
0.3,-3.5,0.00
0.3,-3.4,0.00
0.3,-3.3,0.00
0.3,-3.2,0.00
0.3,-3.1,0.00
0.3,-3,0.00
0.3,-2.9,0.00
0.3,-2.8,0.00
0.3,-2.7,0.00
0.3,-2.6,0.00
0.3,-2.5,0.00
0.3,-2.4,0.00
0.3,-2.3,0.00
0.3,-2.2,0.00
0.3,-2.1,0.00
0.3,-2,0.00
0.3,-1.9,0.00
0.3,-1.8,0.00
0.3,-1.7,0.00
0.3,-1.6,0.00
0.3,-1.5,0.00
0.3,-1.4,0.00
0.3,-1.3,0.00
0.3,-1.2,0.00
0.3,-1.1,0.00
0.3,-1,0.00
0.3,-0.9,0.00
0.3,-0.8,0.00
0.3,-0.7,0.00
0.3,-0.6,0.00
0.3,-0.5,0.00
0.3,-0.4,0.00
0.3,-0.3,0.00
0.3,-0.2,0.00
0.3,-0.1,0.00
0.3,0,0.00
0.3,0.1,0.00
0.3,0.2,0.00
0.3,0.3,0.00
0.3,0.4,0.00
0.3,0.5,0.00
0.3,0.6,0.00
0.3,0.7,0.00
0.3,0.8,0.00
0.3,0.9,0.00
0.3,1,0.00
0.3,1.1,0.00
0.3,1.2,0.00
0.3,1.3,0.00
0.3,1.4,0.00
0.3,1.5,0.00
0.3,1.6,0.00
0.3,1.7,0.00
0.3,1.8,0.00
0.3,1.9,0.00
0.3,2,0.00
0.3,2.1,0.00
0.3,2.2,0.00
0.3,2.4,0.00
0.3,2.5,0.00
0.3,2.6,0.00
0.3,2.8,0.00
0.3,2.9,0.00
0.3,3.1,0.00
0.3,3.2,0.00
0.3,5,0.00
0.3,3,0.00
0.3,2.7,0.00
0.3,2.3,0.00
0.2,-4.2,0.00
0.2,-3.6,0.00
0.2,-3.4,0.00
0.2,-3.3,0.00
0.2,-3.2,0.00
0.2,-3.1,0.00
0.2,-3,0.00
0.2,-2.9,0.00
0.2,-2.8,0.00
0.2,-2.7,0.00
0.2,-2.6,0.00
0.2,-2.5,0.00
0.2,-2.4,0.00
0.2,-2.3,0.00
0.2,-2.2,0.00
0.2,-2.1,0.00
0.2,-2,0.00
0.2,-1.9,0.00
0.2,-1.8,0.00
0.2,-1.7,0.00
0.2,-1.6,0.00
0.2,-1.5,0.00
0.2,-1.4,0.00
0.2,-1.3,0.00
0.2,-1.2,0.00
0.2,-1.1,0.00
0.2,-1,0.00
0.2,-0.9,0.00
0.2,-0.8,0.00
0.2,-0.7,0.00
0.2,-0.6,0.00
0.2,-0.5,0.00
0.2,-0.4,0.00
0.2,-0.3,0.00
0.2,-0.2,0.00
0.2,-0.1,0.00
0.2,0,0.00
0.2,0.1,0.00
0.2,0.2,0.00
0.2,0.3,0.00
0.2,0.4,0.00
0.2,0.5,0.00
0.2,0.6,0.00
0.2,0.7,0.00
0.2,0.8,0.00
0.2,0.9,0.00
0.2,1,0.00
0.2,1.1,0.00
0.2,1.2,0.00
0.2,1.3,0.00
0.2,1.4,0.00
0.2,1.5,0.00
0.2,1.6,0.00
0.2,1.7,0.00
0.2,1.8,0.00
0.2,1.9,0.00
0.2,2,0.00
0.2,2.1,0.00
0.2,2.2,0.00
0.2,2.3,0.00
0.2,2.4,0.00
0.2,2.5,0.00
0.2,2.7,0.00
0.2,2.8,0.00
0.2,2.9,0.00
0.2,3.2,0.00
0.2,3.6,0.00
0.2,3,0.00
0.2,2.6,0.00
0.1,-4.2,0.00
0.1,-3.8,0.00
0.1,-3.7,0.00
0.1,-3.6,0.00
0.1,-3.4,0.00
0.1,-3.3,0.00
0.1,-3.2,0.00
0.1,-3.1,0.00
0.1,-3,0.00
0.1,-2.9,0.00
0.1,-2.8,0.00
0.1,-2.7,0.00
0.1,-2.6,0.00
0.1,-2.5,0.00
0.1,-2.4,0.00
0.1,-2.3,0.00
0.1,-2.2,0.00
0.1,-2.1,0.00
0.1,-2,0.00
0.1,-1.9,0.00
0.1,-1.8,0.00
0.1,-1.7,0.00
0.1,-1.6,0.00
0.1,-1.5,0.00
0.1,-1.4,0.00
0.1,-1.3,0.00
0.1,-1.2,0.00
0.1,-1.1,0.00
0.1,-1,0.00
0.1,-0.9,0.00
0.1,-0.8,0.00
0.1,-0.7,0.00
0.1,-0.6,0.00
0.1,-0.5,0.00
0.1,-0.4,0.00
0.1,-0.3,0.00
0.1,-0.2,0.00
0.1,-0.1,0.00
0.1,0,0.00
0.1,0.1,0.00
0.1,0.2,0.00
0.1,0.3,0.00
0.1,0.4,0.00
0.1,0.5,0.00
0.1,0.6,0.00
0.1,0.7,0.00
0.1,0.8,0.00
0.1,0.9,0.00
0.1,1,0.00
0.1,1.1,0.00
0.1,1.2,0.00
0.1,1.3,0.00
0.1,1.4,0.00
0.1,1.5,0.00
0.1,1.6,0.00
0.1,1.7,0.00
0.1,1.8,0.00
0.1,1.9,0.00
0.1,2,0.00
0.1,2.1,0.00
0.1,2.2,0.00
0.1,2.3,0.00
0.1,2.4,0.00
0.1,2.5,0.00
0.1,2.6,0.00
0.1,2.8,0.00
0.1,2.9,0.00
0.1,3.2,0.00
0.1,3.7,0.00
0.1,3.9,0.00
0.1,4.1,0.00
0.1,3,0.00
0.1,2.7,0.00
0,-5.7,0.00
0,-4,0.00
0,-3.7,0.00
0,-3.6,0.00
0,-3.4,0.00
0,-3.3,0.00
0,-3.1,0.00
0,-3,0.00
0,-2.9,0.00
0,-2.8,0.00
0,-2.7,0.00
0,-2.6,0.00
0,-2.5,0.00
0,-2.4,0.00
0,-2.3,0.00
0,-2.2,0.00
0,-2.1,0.00
0,-2,0.00
0,-1.9,0.00
0,-1.8,0.00
0,-1.7,0.00
0,-1.6,0.00
0,-1.5,0.00
0,-1.4,0.00
0,-1.3,0.00
0,-1.2,0.00
0,-1.1,0.00
0,-1,0.00
0,-0.9,0.00
0,-0.8,0.00
0,-0.7,0.00
0,-0.6,0.00
0,-0.5,0.00
0,-0.4,0.00
0,-0.3,0.00
0,-0.2,0.00
0,-0.1,0.00
0,0,0.00
0,0.1,0.00
0,0.2,0.00
0,0.3,0.00
0,0.4,0.00
0,0.5,0.00
0,0.6,0.00
0,0.7,0.00
0,0.8,0.00
0,0.9,0.00
0,1,0.00
0,1.1,0.00
0,1.2,0.00
0,1.3,0.00
0,1.4,0.00
0,1.5,0.00
0,1.6,0.00
0,1.7,0.00
0,1.8,0.00
0,1.9,0.00
0,2,0.00
0,2.1,0.00
0,2.2,0.00
0,2.3,0.00
0,2.4,0.00
0,2.5,0.00
0,2.7,0.00
0,2.9,0.00
0,3,0.00
0,3.2,0.00
0,3.7,0.00
0,4.2,0.00
0,2.8,0.00
0,2.6,0.00
-0.1,-4.1,0.00
-0.1,-4,0.00
-0.1,-3.9,0.00
-0.1,-3.7,0.00
-0.1,-3.5,0.00
-0.1,-3.4,0.00
-0.1,-3.2,0.00
-0.1,-3.1,0.00
-0.1,-3,0.00
-0.1,-2.9,0.00
-0.1,-2.8,0.00
-0.1,-2.7,0.00
-0.1,-2.6,0.00
-0.1,-2.5,0.00
-0.1,-2.4,0.00
-0.1,-2.3,0.00
-0.1,-2.2,0.00
-0.1,-2.1,0.00
-0.1,-2,0.00
-0.1,-1.9,0.00
-0.1,-1.8,0.00
-0.1,-1.7,0.00
-0.1,-1.6,0.00
-0.1,-1.5,0.00
-0.1,-1.4,0.00
-0.1,-1.3,0.00
-0.1,-1.2,0.00
-0.1,-1.1,0.00
-0.1,-1,0.00
-0.1,-0.9,0.00
-0.1,-0.8,0.00
-0.1,-0.7,0.00
-0.1,-0.6,0.00
-0.1,-0.5,0.00
-0.1,-0.4,0.00
-0.1,-0.3,0.00
-0.1,-0.2,0.00
-0.1,-0.1,0.00
-0.1,0,0.00
-0.1,0.1,0.00
-0.1,0.2,0.00
-0.1,0.3,0.00
-0.1,0.4,0.00
-0.1,0.5,0.00
-0.1,0.6,0.00
-0.1,0.7,0.00
-0.1,0.8,0.00
-0.1,0.9,0.00
-0.1,1,0.00
-0.1,1.1,0.00
-0.1,1.2,0.00
-0.1,1.3,0.00
-0.1,1.4,0.00
-0.1,1.5,0.00
-0.1,1.6,0.00
-0.1,1.7,0.00
-0.1,1.8,0.00
-0.1,1.9,0.00
-0.1,2,0.00
-0.1,2.1,0.00
-0.1,2.2,0.00
-0.1,2.3,0.00
-0.1,2.4,0.00
-0.1,2.5,0.00
-0.1,2.6,0.00
-0.1,3.3,0.00
-0.1,3.4,0.00
-0.1,3,0.00
-0.1,2.9,0.00
-0.1,2.8,0.00
-0.1,2.7,0.00
-0.2,-4.2,0.00
-0.2,-4.1,0.00
-0.2,-3.9,0.00
-0.2,-3.8,0.00
-0.2,-3.6,0.00
-0.2,-3.3,0.00
-0.2,-3.2,0.00
-0.2,-3.1,0.00
-0.2,-3,0.00
-0.2,-2.8,0.00
-0.2,-2.7,0.00
-0.2,-2.6,0.00
-0.2,-2.5,0.00
-0.2,-2.4,0.00
-0.2,-2.3,0.00
-0.2,-2.2,0.00
-0.2,-2.1,0.00
-0.2,-2,0.00
-0.2,-1.9,0.00
-0.2,-1.8,0.00
-0.2,-1.7,0.00
-0.2,-1.6,0.00
-0.2,-1.5,0.00
-0.2,-1.4,0.00
-0.2,-1.3,0.00
-0.2,-1.2,0.00
-0.2,-1.1,0.00
-0.2,-1,0.00
-0.2,-0.9,0.00
-0.2,-0.8,0.00
-0.2,-0.7,0.00
-0.2,-0.6,0.00
-0.2,-0.5,0.00
-0.2,-0.4,0.00
-0.2,-0.3,0.00
-0.2,-0.2,0.00
-0.2,-0.1,0.00
-0.2,0,0.00
-0.2,0.1,0.00
-0.2,0.2,0.00
-0.2,0.3,0.00
-0.2,0.4,0.00
-0.2,0.5,0.00
-0.2,0.6,0.00
-0.2,0.7,0.00
-0.2,0.8,0.00
-0.2,0.9,0.00
-0.2,1,0.00
-0.2,1.1,0.00
-0.2,1.2,0.00
-0.2,1.3,0.00
-0.2,1.4,0.00
-0.2,1.5,0.00
-0.2,1.6,0.00
-0.2,1.7,0.00
-0.2,1.8,0.00
-0.2,1.9,0.00
-0.2,2,0.00
-0.2,2.1,0.00
-0.2,2.3,0.00
-0.2,2.4,0.00
-0.2,2.6,0.00
-0.2,2.7,0.00
-0.2,3,0.00
-0.2,3.1,0.00
-0.2,5.7,0.00
-0.2,2.9,0.00
-0.2,2.8,0.00
-0.2,2.5,0.00
-0.2,2.2,0.00
-0.2,-2.9,0.00
-0.3,-4.2,0.00
-0.3,-3.8,0.00
-0.3,-3.7,0.00
-0.3,-3.6,0.00
-0.3,-3.4,0.00
-0.3,-3.3,0.00
-0.3,-3.2,0.00
-0.3,-3.1,0.00
-0.3,-3,0.00
-0.3,-2.9,0.00
-0.3,-2.8,0.00
-0.3,-2.7,0.00
-0.3,-2.6,0.00
-0.3,-2.5,0.00
-0.3,-2.4,0.00
-0.3,-2.3,0.00
-0.3,-2.2,0.00
-0.3,-2.1,0.00
-0.3,-2,0.00
-0.3,-1.9,0.00
-0.3,-1.8,0.00
-0.3,-1.7,0.00
-0.3,-1.6,0.00
-0.3,-1.5,0.00
-0.3,-1.4,0.00
-0.3,-1.3,0.00
-0.3,-1.2,0.00
-0.3,-1.1,0.00
-0.3,-1,0.00
-0.3,-0.9,0.00
-0.3,-0.8,0.00
-0.3,-0.7,0.00
-0.3,-0.6,0.00
-0.3,-0.5,0.00
-0.3,-0.4,0.00
-0.3,-0.3,0.00
-0.3,-0.2,0.00
-0.3,-0.1,0.00
-0.3,0,0.00
-0.3,0.1,0.00
-0.3,0.2,0.00
-0.3,0.3,0.00
-0.3,0.4,0.00
-0.3,0.5,0.00
-0.3,0.6,0.00
-0.3,0.7,0.00
-0.3,0.8,0.00
-0.3,0.9,0.00
-0.3,1,0.00
-0.3,1.1,0.00
-0.3,1.2,0.00
-0.3,1.3,0.00
-0.3,1.4,0.00
-0.3,1.5,0.00
-0.3,1.6,0.00
-0.3,1.7,0.00
-0.3,1.8,0.00
-0.3,1.9,0.00
-0.3,2,0.00
-0.3,2.1,0.00
-0.3,2.2,0.00
-0.3,2.3,0.00
-0.3,2.5,0.00
-0.3,2.8,0.00
-0.3,2.9,0.00
-0.3,3.2,0.00
-0.3,3.5,0.00
-0.3,3.9,0.00
-0.3,3,0.00
-0.3,2.7,0.00
-0.3,2.6,0.00
-0.3,2.4,0.00
-0.4,-4.8,0.00
-0.4,-4.4,0.00
-0.4,-3.9,0.00
-0.4,-3.8,0.00
-0.4,-3.7,0.00
-0.4,-3.6,0.00
-0.4,-3.4,0.00
-0.4,-3.3,0.00
-0.4,-3.2,0.00
-0.4,-3.1,0.00
-0.4,-3,0.00
-0.4,-2.9,0.00
-0.4,-2.8,0.00
-0.4,-2.6,0.00
-0.4,-2.5,0.00
-0.4,-2.4,0.00
-0.4,-2.3,0.00
-0.4,-2.2,0.00
-0.4,-2.1,0.00
-0.4,-2,0.00
-0.4,-1.9,0.00
-0.4,-1.8,0.00
-0.4,-1.7,0.00
-0.4,-1.6,0.00
-0.4,-1.5,0.00
-0.4,-1.4,0.00
-0.4,-1.3,0.00
-0.4,-1.2,0.00
-0.4,-1.1,0.00
-0.4,-1,0.00
-0.4,-0.9,0.00
-0.4,-0.8,0.00
-0.4,-0.7,0.00
-0.4,-0.6,0.00
-0.4,-0.5,0.00
-0.4,-0.4,0.00
-0.4,-0.3,0.00
-0.4,-0.2,0.00
-0.4,-0.1,0.00
-0.4,0,0.00
-0.4,0.1,0.00
-0.4,0.2,0.00
-0.4,0.3,0.00
-0.4,0.4,0.00
-0.4,0.5,0.00
-0.4,0.6,0.00
-0.4,0.7,0.00
-0.4,0.8,0.00
-0.4,0.9,0.00
-0.4,1,0.00
-0.4,1.1,0.00
-0.4,1.2,0.00
-0.4,1.4,0.00
-0.4,1.5,0.00
-0.4,1.6,0.00
-0.4,1.7,0.00
-0.4,1.8,0.00
-0.4,1.9,0.00
-0.4,2,0.00
-0.4,2.2,0.00
-0.4,2.4,0.00
-0.4,2.5,0.00
-0.4,2.6,0.00
-0.4,2.9,0.00
-0.4,3.1,0.00
-0.4,3.3,0.00
-0.4,3.8,0.00
-0.4,4.4,0.00
-0.4,3,0.00
-0.4,2.8,0.00
-0.4,2.7,0.00
-0.4,2.3,0.00
-0.4,2.1,0.00
-0.4,1.3,0.00
-0.4,-2.7,0.00
-0.5,-3.8,0.00
-0.5,-3.7,0.00
-0.5,-3.6,0.00
-0.5,-3.4,0.00
-0.5,-3,0.00
-0.5,-2.9,0.00
-0.5,-2.8,0.00
-0.5,-2.7,0.00
-0.5,-2.6,0.00
-0.5,-2.5,0.00
-0.5,-2.4,0.00
-0.5,-2.3,0.00
-0.5,-2.2,0.00
-0.5,-2.1,0.00
-0.5,-2,0.00
-0.5,-1.9,0.00
-0.5,-1.8,0.00
-0.5,-1.7,0.00
-0.5,-1.6,0.00
-0.5,-1.5,0.00
-0.5,-1.4,0.00
-0.5,-1.3,0.00
-0.5,-1.2,0.00
-0.5,-1.1,0.00
-0.5,-1,0.00
-0.5,-0.9,0.00
-0.5,-0.8,0.00
-0.5,-0.7,0.00
-0.5,-0.6,0.00
-0.5,-0.5,0.00
-0.5,-0.4,0.00
-0.5,-0.3,0.00
-0.5,-0.2,0.00
-0.5,-0.1,0.00
-0.5,0,0.00
-0.5,0.1,0.00
-0.5,0.2,0.00
-0.5,0.3,0.00
-0.5,0.4,0.00
-0.5,0.5,0.00
-0.5,0.6,0.00
-0.5,0.7,0.00
-0.5,0.8,0.00
-0.5,0.9,0.00
-0.5,1,0.00
-0.5,1.1,0.00
-0.5,1.2,0.00
-0.5,1.3,0.00
-0.5,1.4,0.00
-0.5,1.5,0.00
-0.5,1.6,0.00
-0.5,1.7,0.00
-0.5,1.9,0.00
-0.5,2,0.00
-0.5,2.1,0.00
-0.5,2.2,0.00
-0.5,2.4,0.00
-0.5,2.5,0.00
-0.5,2.6,0.00
-0.5,2.7,0.00
-0.5,3,0.00
-0.5,2.9,0.00
-0.5,2.8,0.00
-0.5,2.3,0.00
-0.5,1.8,0.00
-0.6,-3.8,0.00
-0.6,-3.5,0.00
-0.6,-3.4,0.00
-0.6,-3.3,0.00
-0.6,-3.1,0.00
-0.6,-3,0.00
-0.6,-2.9,0.00
-0.6,-2.7,0.00
-0.6,-2.6,0.00
-0.6,-2.5,0.00
-0.6,-2.4,0.00
-0.6,-2.3,0.00
-0.6,-2.2,0.00
-0.6,-2.1,0.00
-0.6,-2,0.00
-0.6,-1.9,0.00
-0.6,-1.8,0.00
-0.6,-1.7,0.00
-0.6,-1.6,0.00
-0.6,-1.5,0.00
-0.6,-1.4,0.00
-0.6,-1.3,0.00
-0.6,-1.2,0.00
-0.6,-1.1,0.00
-0.6,-1,0.00
-0.6,-0.9,0.00
-0.6,-0.8,0.00
-0.6,-0.7,0.00
-0.6,-0.6,0.00
-0.6,-0.5,0.00
-0.6,-0.4,0.00
-0.6,-0.3,0.00
-0.6,-0.2,0.00
-0.6,-0.1,0.00
-0.6,0,0.00
-0.6,0.1,0.00
-0.6,0.2,0.00
-0.6,0.3,0.00
-0.6,0.4,0.00
-0.6,0.5,0.00
-0.6,0.6,0.00
-0.6,0.7,0.00
-0.6,0.8,0.00
-0.6,1,0.00
-0.6,1.1,0.00
-0.6,1.2,0.00
-0.6,1.3,0.00
-0.6,1.4,0.00
-0.6,1.5,0.00
-0.6,1.6,0.00
-0.6,1.7,0.00
-0.6,1.8,0.00
-0.6,1.9,0.00
-0.6,2,0.00
-0.6,2.3,0.00
-0.6,2.4,0.00
-0.6,2.6,0.00
-0.6,3.2,0.00
-0.6,3,0.00
-0.6,2.9,0.00
-0.6,2.8,0.00
-0.6,2.7,0.00
-0.6,2.5,0.00
-0.6,2.2,0.00
-0.6,2.1,0.00
-0.6,0.9,0.00
-0.6,-2.8,0.00
-0.7,-4.5,0.00
-0.7,-3.9,0.00
-0.7,-3.8,0.00
-0.7,-3.7,0.00
-0.7,-3.6,0.00
-0.7,-3.3,0.00
-0.7,-3.2,0.00
-0.7,-3.1,0.00
-0.7,-3,0.00
-0.7,-2.9,0.00
-0.7,-2.8,0.00
-0.7,-2.7,0.00
-0.7,-2.6,0.00
-0.7,-2.5,0.00
-0.7,-2.4,0.00
-0.7,-2.3,0.00
-0.7,-2.2,0.00
-0.7,-2,0.00
-0.7,-1.9,0.00
-0.7,-1.8,0.00
-0.7,-1.7,0.00
-0.7,-1.6,0.00
-0.7,-1.5,0.00
-0.7,-1.4,0.00
-0.7,-1.3,0.00
-0.7,-1.2,0.00
-0.7,-1.1,0.00
-0.7,-1,0.00
-0.7,-0.9,0.00
-0.7,-0.8,0.00
-0.7,-0.7,0.00
-0.7,-0.6,0.00
-0.7,-0.5,0.00
-0.7,-0.4,0.00
-0.7,-0.3,0.00
-0.7,-0.2,0.00
-0.7,-0.1,0.00
-0.7,0,0.00
-0.7,0.1,0.00
-0.7,0.2,0.00
-0.7,0.3,0.00
-0.7,0.4,0.00
-0.7,0.5,0.00
-0.7,0.7,0.00
-0.7,0.8,0.00
-0.7,0.9,0.00
-0.7,1,0.00
-0.7,1.1,0.00
-0.7,1.2,0.00
-0.7,1.3,0.00
-0.7,1.4,0.00
-0.7,1.5,0.00
-0.7,1.6,0.00
-0.7,1.7,0.00
-0.7,1.8,0.00
-0.7,1.9,0.00
-0.7,2.2,0.00
-0.7,2.4,0.00
-0.7,2.9,0.00
-0.7,3.1,0.00
-0.7,3,0.00
-0.7,2.8,0.00
-0.7,2.7,0.00
-0.7,2.6,0.00
-0.7,2.5,0.00
-0.7,2.3,0.00
-0.7,2.1,0.00
-0.7,2,0.00
-0.7,0.6,0.00
-0.7,-2.1,0.00
-0.8,-4,0.00
-0.8,-3.6,0.00
-0.8,-3,0.00
-0.8,-2.9,0.00
-0.8,-2.8,0.00
-0.8,-2.7,0.00
-0.8,-2.6,0.00
-0.8,-2.5,0.00
-0.8,-2.4,0.00
-0.8,-2.3,0.00
-0.8,-2.2,0.00
-0.8,-2.1,0.00
-0.8,-2,0.00
-0.8,-1.9,0.00
-0.8,-1.8,0.00
-0.8,-1.7,0.00
-0.8,-1.6,0.00
-0.8,-1.5,0.00
-0.8,-1.4,0.00
-0.8,-1.3,0.00
-0.8,-1.2,0.00
-0.8,-1.1,0.00
-0.8,-1,0.00
-0.8,-0.9,0.00
-0.8,-0.8,0.00
-0.8,-0.7,0.00
-0.8,-0.6,0.00
-0.8,-0.5,0.00
-0.8,-0.4,0.00
-0.8,-0.3,0.00
-0.8,-0.2,0.00
-0.8,-0.1,0.00
-0.8,0,0.00
-0.8,0.1,0.00
-0.8,0.2,0.00
-0.8,0.4,0.00
-0.8,0.6,0.00
-0.8,0.7,0.00
-0.8,0.8,0.00
-0.8,0.9,0.00
-0.8,1,0.00
-0.8,1.1,0.00
-0.8,1.2,0.00
-0.8,1.3,0.00
-0.8,1.4,0.00
-0.8,1.5,0.00
-0.8,1.6,0.00
-0.8,1.7,0.00
-0.8,1.8,0.00
-0.8,2,0.00
-0.8,2.6,0.00
-0.8,4.1,0.00
-0.8,3,0.00
-0.8,2.9,0.00
-0.8,2.8,0.00
-0.8,2.7,0.00
-0.8,2.5,0.00
-0.8,2.4,0.00
-0.8,2.3,0.00
-0.8,2.2,0.00
-0.8,2.1,0.00
-0.8,1.9,0.00
-0.8,0.5,0.00
-0.8,0.3,0.00
-0.9,-4,0.00
-0.9,-3.6,0.00
-0.9,-3.4,0.00
-0.9,-3.2,0.00
-0.9,-3.1,0.00
-0.9,-3,0.00
-0.9,-2.8,0.00
-0.9,-2.7,0.00
-0.9,-2.6,0.00
-0.9,-2.4,0.00
-0.9,-2.2,0.00
-0.9,-2.1,0.00
-0.9,-2,0.00
-0.9,-1.9,0.00
-0.9,-1.8,0.00
-0.9,-1.7,0.00
-0.9,-1.6,0.00
-0.9,-1.5,0.00
-0.9,-1.4,0.00
-0.9,-1.3,0.00
-0.9,-1.2,0.00
-0.9,-1.1,0.00
-0.9,-1,0.00
-0.9,-0.9,0.00
-0.9,-0.8,0.00
-0.9,-0.7,0.00
-0.9,-0.6,0.00
-0.9,-0.5,0.00
-0.9,-0.4,0.00
-0.9,-0.2,0.00
-0.9,-0.1,0.00
-0.9,0,0.00
-0.9,0.1,0.00
-0.9,0.2,0.00
-0.9,0.3,0.00
-0.9,0.4,0.00
-0.9,0.5,0.00
-0.9,0.6,0.00
-0.9,0.7,0.00
-0.9,0.8,0.00
-0.9,1,0.00
-0.9,1.1,0.00
-0.9,1.2,0.00
-0.9,1.3,0.00
-0.9,1.4,0.00
-0.9,1.5,0.00
-0.9,1.6,0.00
-0.9,1.7,0.00
-0.9,1.8,0.00
-0.9,2.1,0.00
-0.9,2.4,0.00
-0.9,3.1,0.00
-0.9,3.3,0.00
-0.9,3.5,0.00
-0.9,3,0.00
-0.9,2.9,0.00
-0.9,2.8,0.00
-0.9,2.7,0.00
-0.9,2.6,0.00
-0.9,2.5,0.00
-0.9,2.3,0.00
-0.9,2.2,0.00
-0.9,2,0.00
-0.9,1.9,0.00
-0.9,0.9,0.00
-0.9,-0.3,0.00
-0.9,-2.3,0.00
-0.9,-2.5,0.00
-0.9,-2.9,0.00
-1,-3.9,0.00
-1,-3.4,0.00
-1,-2.8,0.00
-1,-2.7,0.00
-1,-2.6,0.00
-1,-2.5,0.00
-1,-2.4,0.00
-1,-2.3,0.00
-1,-2.2,0.00
-1,-2.1,0.00
-1,-1.8,0.00
-1,-1.7,0.00
-1,-1.6,0.00
-1,-1.5,0.00
-1,-1.4,0.00
-1,-1.3,0.00
-1,-1.1,0.00
-1,-1,0.00
-1,-0.9,0.00
-1,-0.8,0.00
-1,-0.7,0.00
-1,-0.6,0.00
-1,-0.5,0.00
-1,-0.3,0.00
-1,-0.2,0.00
-1,-0.1,0.00
-1,0,0.00
-1,0.1,0.00
-1,0.2,0.00
-1,0.4,0.00
-1,0.6,0.00
-1,0.7,0.00
-1,0.8,0.00
-1,1,0.00
-1,1.2,0.00
-1,1.3,0.00
-1,1.4,0.00
-1,1.6,0.00
-1,1.8,0.00
-1,2.3,0.00
-1,2.4,0.00
-1,2.8,0.00
-1,5,0.00
-1,3,0.00
-1,2.9,0.00
-1,2.7,0.00
-1,2.6,0.00
-1,2.5,0.00
-1,2.2,0.00
-1,2.1,0.00
-1,2,0.00
-1,1.9,0.00
-1,1.7,0.00
-1,1.5,0.00
-1,1.1,0.00
-1,0.9,0.00
-1,0.5,0.00
-1,0.3,0.00
-1,-0.4,0.00
-1,-1.2,0.00
-1,-1.9,0.00
-1,-2,0.00
-1,-2.9,0.00
-1,-3,0.00
-1.1,-4.1,0.00
-1.1,-3.2,0.00
-1.1,-3.1,0.00
-1.1,-2.9,0.00
-1.1,-2.8,0.00
-1.1,-2.7,0.00
-1.1,-2.6,0.00
-1.1,-2.5,0.00
-1.1,-2.4,0.00
-1.1,-2.3,0.00
-1.1,-2.2,0.00
-1.1,-2,0.00
-1.1,-1.9,0.00
-1.1,-1.8,0.00
-1.1,-1.7,0.00
-1.1,-1.5,0.00
-1.1,-1.4,0.00
-1.1,-1.3,0.00
-1.1,-1.2,0.00
-1.1,-1.1,0.00
-1.1,-1,0.00
-1.1,-0.8,0.00
-1.1,-0.7,0.00
-1.1,-0.6,0.00
-1.1,-0.5,0.00
-1.1,-0.4,0.00
-1.1,-0.3,0.00
-1.1,-0.1,0.00
-1.1,0.1,0.00
-1.1,0.2,0.00
-1.1,0.3,0.00
-1.1,0.4,0.00
-1.1,0.7,0.00
-1.1,0.8,0.00
-1.1,0.9,0.00
-1.1,1,0.00
-1.1,1.1,0.00
-1.1,1.2,0.00
-1.1,1.3,0.00
-1.1,1.6,0.00
-1.1,1.7,0.00
-1.1,1.8,0.00
-1.1,2,0.00
-1.1,2.1,0.00
-1.1,2.3,0.00
-1.1,3,0.00
-1.1,2.9,0.00
-1.1,2.8,0.00
-1.1,2.7,0.00
-1.1,2.6,0.00
-1.1,2.5,0.00
-1.1,2.4,0.00
-1.1,2.2,0.00
-1.1,1.9,0.00
-1.1,1.5,0.00
-1.1,1.4,0.00
-1.1,0.6,0.00
-1.1,0.5,0.00
-1.1,0,0.00
-1.1,-0.2,0.00
-1.1,-0.9,0.00
-1.1,-1.6,0.00
-1.1,-2.1,0.00
-1.1,-3,0.00
-1.2,-2.8,0.00
-1.2,-2.6,0.00
-1.2,-2.5,0.00
-1.2,-2.4,0.00
-1.2,-2.3,0.00
-1.2,-2.2,0.00
-1.2,-2.1,0.00
-1.2,-1.9,0.00
-1.2,-1.8,0.00
-1.2,-1.7,0.00
-1.2,-1.5,0.00
-1.2,-1.4,0.00
-1.2,-1.3,0.00
-1.2,-1.2,0.00
-1.2,-1.1,0.00
-1.2,-1,0.00
-1.2,-0.9,0.00
-1.2,-0.8,0.00
-1.2,-0.7,0.00
-1.2,-0.6,0.00
-1.2,-0.5,0.00
-1.2,-0.3,0.00
-1.2,-0.2,0.00
-1.2,-0.1,0.00
-1.2,0,0.00
-1.2,0.4,0.00
-1.2,0.5,0.00
-1.2,0.6,0.00
-1.2,0.7,0.00
-1.2,1.2,0.00
-1.2,1.3,0.00
-1.2,1.4,0.00
-1.2,1.5,0.00
-1.2,1.6,0.00
-1.2,1.7,0.00
-1.2,1.8,0.00
-1.2,2.4,0.00
-1.2,2.7,0.00
-1.2,2.9,0.00
-1.2,3,0.00
-1.2,3.1,0.00
-1.2,2.8,0.00
-1.2,2.6,0.00
-1.2,2.5,0.00
-1.2,2.3,0.00
-1.2,2.2,0.00
-1.2,2.1,0.00
-1.2,2,0.00
-1.2,1.9,0.00
-1.2,1.1,0.00
-1.2,1,0.00
-1.2,0.9,0.00
-1.2,0.8,0.00
-1.2,0.3,0.00
-1.2,0.2,0.00
-1.2,0.1,0.00
-1.2,-0.4,0.00
-1.2,-1.6,0.00
-1.2,-2,0.00
-1.2,-2.7,0.00
-1.2,-2.9,0.00
-1.2,-3,0.00
-1.3,-3.7,0.00
-1.3,-3.5,0.00
-1.3,-3.2,0.00
-1.3,-2.8,0.00
-1.3,-2.7,0.00
-1.3,-2.4,0.00
-1.3,-2.3,0.00
-1.3,-2.1,0.00
-1.3,-2,0.00
-1.3,-1.9,0.00
-1.3,-1.8,0.00
-1.3,-1.7,0.00
-1.3,-1.5,0.00
-1.3,-1.4,0.00
-1.3,-1.3,0.00
-1.3,-1.2,0.00
-1.3,-1,0.00
-1.3,-0.8,0.00
-1.3,-0.7,0.00
-1.3,-0.6,0.00
-1.3,-0.5,0.00
-1.3,-0.2,0.00
-1.3,0,0.00
-1.3,0.1,0.00
-1.3,0.7,0.00
-1.3,0.8,0.00
-1.3,0.9,0.00
-1.3,1.6,0.00
-1.3,2.2,0.00
-1.3,2.4,0.00
-1.3,3,0.00
-1.3,2.9,0.00
-1.3,2.8,0.00
-1.3,2.7,0.00
-1.3,2.6,0.00
-1.3,2.5,0.00
-1.3,2.3,0.00
-1.3,2.1,0.00
-1.3,2,0.00
-1.3,1.9,0.00
-1.3,1.8,0.00
-1.3,1.7,0.00
-1.3,1.5,0.00
-1.3,1.4,0.00
-1.3,1.3,0.00
-1.3,1.2,0.00
-1.3,1.1,0.00
-1.3,1,0.00
-1.3,0.6,0.00
-1.3,0.5,0.00
-1.3,0.4,0.00
-1.3,0.3,0.00
-1.3,0.2,0.00
-1.3,-0.1,0.00
-1.3,-0.3,0.00
-1.3,-0.4,0.00
-1.3,-0.9,0.00
-1.3,-1.1,0.00
-1.3,-1.6,0.00
-1.3,-2.2,0.00
-1.3,-2.5,0.00
-1.3,-2.6,0.00
-1.3,-2.9,0.00
-1.3,-3,0.00
-1.4,-3.9,0.00
-1.4,-3.6,0.00
-1.4,-3.4,0.00
-1.4,-3,0.00
-1.4,-2.7,0.00
-1.4,-2.6,0.00
-1.4,-2.4,0.00
-1.4,-2.2,0.00
-1.4,-1.8,0.00
-1.4,-1.7,0.00
-1.4,-1.6,0.00
-1.4,-1.5,0.00
-1.4,-1.4,0.00
-1.4,-1.3,0.00
-1.4,-1.2,0.00
-1.4,-0.9,0.00
-1.4,-0.7,0.00
-1.4,-0.4,0.00
-1.4,-0.2,0.00
-1.4,0,0.00
-1.4,0.1,0.00
-1.4,0.2,0.00
-1.4,0.3,0.00
-1.4,0.5,0.00
-1.4,0.6,0.00
-1.4,0.7,0.00
-1.4,1,0.00
-1.4,1.4,0.00
-1.4,1.6,0.00
-1.4,2.1,0.00
-1.4,2.5,0.00
-1.4,2.6,0.00
-1.4,2.7,0.00
-1.4,3,0.00
-1.4,2.9,0.00
-1.4,2.8,0.00
-1.4,2.4,0.00
-1.4,2.3,0.00
-1.4,2.2,0.00
-1.4,2,0.00
-1.4,1.9,0.00
-1.4,1.8,0.00
-1.4,1.7,0.00
-1.4,1.5,0.00
-1.4,1.3,0.00
-1.4,1.2,0.00
-1.4,1.1,0.00
-1.4,0.9,0.00
-1.4,0.8,0.00
-1.4,0.4,0.00
-1.4,-0.1,0.00
-1.4,-0.3,0.00
-1.4,-0.5,0.00
-1.4,-0.6,0.00
-1.4,-0.8,0.00
-1.4,-1,0.00
-1.4,-1.1,0.00
-1.4,-1.9,0.00
-1.4,-2,0.00
-1.4,-2.1,0.00
-1.4,-2.3,0.00
-1.4,-2.5,0.00
-1.4,-2.8,0.00
-1.4,-2.9,0.00
-1.5,-5.7,0.00
-1.5,-4.2,0.00
-1.5,-3.1,0.00
-1.5,-3,0.00
-1.5,-2.9,0.00
-1.5,-2.6,0.00
-1.5,-2.5,0.00
-1.5,-2,0.00
-1.5,-1.9,0.00
-1.5,-1.8,0.00
-1.5,-1.6,0.00
-1.5,-1.5,0.00
-1.5,-1.3,0.00
-1.5,-1.1,0.00
-1.5,-0.9,0.00
-1.5,-0.7,0.00
-1.5,-0.3,0.00
-1.5,0.2,0.00
-1.5,0.4,0.00
-1.5,0.8,0.00
-1.5,1.1,0.00
-1.5,1.2,0.00
-1.5,1.5,0.00
-1.5,1.7,0.00
-1.5,4,0.00
-1.5,3,0.00
-1.5,2.9,0.00
-1.5,2.8,0.00
-1.5,2.7,0.00
-1.5,2.6,0.00
-1.5,2.5,0.00
-1.5,2.4,0.00
-1.5,2.3,0.00
-1.5,2.2,0.00
-1.5,2.1,0.00
-1.5,2,0.00
-1.5,1.9,0.00
-1.5,1.8,0.00
-1.5,1.6,0.00
-1.5,1.4,0.00
-1.5,1.3,0.00
-1.5,1,0.00
-1.5,0.9,0.00
-1.5,0.7,0.00
-1.5,0.6,0.00
-1.5,0.5,0.00
-1.5,0.3,0.00
-1.5,0.1,0.00
-1.5,0,0.00
-1.5,-0.1,0.00
-1.5,-0.2,0.00
-1.5,-0.4,0.00
-1.5,-0.5,0.00
-1.5,-0.6,0.00
-1.5,-0.8,0.00
-1.5,-1,0.00
-1.5,-1.2,0.00
-1.5,-1.4,0.00
-1.5,-1.7,0.00
-1.5,-2.1,0.00
-1.5,-2.2,0.00
-1.5,-2.3,0.00
-1.5,-2.4,0.00
-1.5,-2.7,0.00
-1.5,-2.8,0.00
-1.6,-6.2,0.00
-1.6,-3,0.00
-1.6,-2.8,0.00
-1.6,-2.7,0.00
-1.6,-2.4,0.00
-1.6,-2.3,0.00
-1.6,-2.2,0.00
-1.6,-2.1,0.00
-1.6,-2,0.00
-1.6,-1.9,0.00
-1.6,-1.5,0.00
-1.6,-1.4,0.00
-1.6,-1.3,0.00
-1.6,-1.1,0.00
-1.6,-0.9,0.00
-1.6,-0.5,0.00
-1.6,-0.2,0.00
-1.6,0.3,0.00
-1.6,0.4,0.00
-1.6,0.6,0.00
-1.6,0.9,0.00
-1.6,1.2,0.00
-1.6,2.3,0.00
-1.6,3.2,0.00
-1.6,3,0.00
-1.6,2.9,0.00
-1.6,2.8,0.00
-1.6,2.7,0.00
-1.6,2.6,0.00
-1.6,2.5,0.00
-1.6,2.4,0.00
-1.6,2.2,0.00
-1.6,2.1,0.00
-1.6,2,0.00
-1.6,1.9,0.00
-1.6,1.8,0.00
-1.6,1.7,0.00
-1.6,1.6,0.00
-1.6,1.5,0.00
-1.6,1.4,0.00
-1.6,1.3,0.00
-1.6,1.1,0.00
-1.6,1,0.00
-1.6,0.8,0.00
-1.6,0.7,0.00
-1.6,0.5,0.00
-1.6,0.2,0.00
-1.6,0.1,0.00
-1.6,0,0.00
-1.6,-0.1,0.00
-1.6,-0.3,0.00
-1.6,-0.4,0.00
-1.6,-0.6,0.00
-1.6,-0.7,0.00
-1.6,-0.8,0.00
-1.6,-1,0.00
-1.6,-1.2,0.00
-1.6,-1.6,0.00
-1.6,-1.7,0.00
-1.6,-1.8,0.00
-1.6,-2.5,0.00
-1.6,-2.6,0.00
-1.6,-2.9,0.00
-1.7,-3.8,0.00
-1.7,-3.7,0.00
-1.7,-2.9,0.00
-1.7,-2.7,0.00
-1.7,-2.4,0.00
-1.7,-2.3,0.00
-1.7,-2,0.00
-1.7,-1.5,0.00
-1.7,-1.4,0.00
-1.7,-1.3,0.00
-1.7,-0.9,0.00
-1.7,-0.8,0.00
-1.7,-0.6,0.00
-1.7,-0.3,0.00
-1.7,0,0.00
-1.7,0.4,0.00
-1.7,0.6,0.00
-1.7,1.1,0.00
-1.7,1.2,0.00
-1.7,1.5,0.00
-1.7,1.7,0.00
-1.7,3,0.00
-1.7,2.9,0.00
-1.7,2.8,0.00
-1.7,2.7,0.00
-1.7,2.6,0.00
-1.7,2.5,0.00
-1.7,2.4,0.00
-1.7,2.3,0.00
-1.7,2.2,0.00
-1.7,2.1,0.00
-1.7,2,0.00
-1.7,1.9,0.00
-1.7,1.8,0.00
-1.7,1.6,0.00
-1.7,1.4,0.00
-1.7,1.3,0.00
-1.7,1,0.00
-1.7,0.9,0.00
-1.7,0.8,0.00
-1.7,0.7,0.00
-1.7,0.5,0.00
-1.7,0.3,0.00
-1.7,0.2,0.00
-1.7,0.1,0.00
-1.7,-0.1,0.00
-1.7,-0.2,0.00
-1.7,-0.4,0.00
-1.7,-0.5,0.00
-1.7,-0.7,0.00
-1.7,-1,0.00
-1.7,-1.1,0.00
-1.7,-1.2,0.00
-1.7,-1.6,0.00
-1.7,-1.7,0.00
-1.7,-1.8,0.00
-1.7,-1.9,0.00
-1.7,-2.1,0.00
-1.7,-2.2,0.00
-1.7,-2.5,0.00
-1.7,-2.6,0.00
-1.7,-2.8,0.00
-1.7,-3,0.00
-1.8,-4.5,0.00
-1.8,-3.2,0.00
-1.8,-3,0.00
-1.8,-2.9,0.00
-1.8,-2.6,0.00
-1.8,-2.5,0.00
-1.8,-2,0.00
-1.8,-1.9,0.00
-1.8,-1.3,0.00
-1.8,-1.1,0.00
-1.8,-0.9,0.00
-1.8,-0.8,0.00
-1.8,-0.7,0.00
-1.8,-0.6,0.00
-1.8,0.1,0.00
-1.8,0.2,0.00
-1.8,1.2,0.00
-1.8,1.6,0.00
-1.8,2,0.00
-1.8,3,0.00
-1.8,2.9,0.00
-1.8,2.8,0.00
-1.8,2.7,0.00
-1.8,2.6,0.00
-1.8,2.5,0.00
-1.8,2.4,0.00
-1.8,2.3,0.00
-1.8,2.2,0.00
-1.8,2.1,0.00
-1.8,1.9,0.00
-1.8,1.8,0.00
-1.8,1.7,0.00
-1.8,1.5,0.00
-1.8,1.4,0.00
-1.8,1.3,0.00
-1.8,1.1,0.00
-1.8,1,0.00
-1.8,0.9,0.00
-1.8,0.8,0.00
-1.8,0.7,0.00
-1.8,0.6,0.00
-1.8,0.5,0.00
-1.8,0.4,0.00
-1.8,0.3,0.00
-1.8,0,0.00
-1.8,-0.1,0.00
-1.8,-0.2,0.00
-1.8,-0.3,0.00
-1.8,-0.4,0.00
-1.8,-0.5,0.00
-1.8,-1,0.00
-1.8,-1.2,0.00
-1.8,-1.4,0.00
-1.8,-1.5,0.00
-1.8,-1.6,0.00
-1.8,-1.7,0.00
-1.8,-1.8,0.00
-1.8,-2.1,0.00
-1.8,-2.2,0.00
-1.8,-2.3,0.00
-1.8,-2.4,0.00
-1.8,-2.7,0.00
-1.8,-2.8,0.00
-1.9,-4.2,0.00
-1.9,-4.1,0.00
-1.9,-2.2,0.00
-1.9,-1.9,0.00
-1.9,-1.8,0.00
-1.9,-1.4,0.00
-1.9,-1.2,0.00
-1.9,-1.1,0.00
-1.9,-1,0.00
-1.9,-0.5,0.00
-1.9,-0.3,0.00
-1.9,0,0.00
-1.9,1.2,0.00
-1.9,1.3,0.00
-1.9,1.8,0.00
-1.9,2.8,0.00
-1.9,3,0.00
-1.9,2.9,0.00
-1.9,2.7,0.00
-1.9,2.6,0.00
-1.9,2.5,0.00
-1.9,2.4,0.00
-1.9,2.3,0.00
-1.9,2.2,0.00
-1.9,2.1,0.00
-1.9,2,0.00
-1.9,1.9,0.00
-1.9,1.7,0.00
-1.9,1.6,0.00
-1.9,1.5,0.00
-1.9,1.4,0.00
-1.9,1.1,0.00
-1.9,1,0.00
-1.9,0.9,0.00
-1.9,0.8,0.00
-1.9,0.7,0.00
-1.9,0.6,0.00
-1.9,0.5,0.00
-1.9,0.4,0.00
-1.9,0.3,0.00
-1.9,0.2,0.00
-1.9,0.1,0.00
-1.9,-0.1,0.00
-1.9,-0.2,0.00
-1.9,-0.4,0.00
-1.9,-0.6,0.00
-1.9,-0.7,0.00
-1.9,-0.8,0.00
-1.9,-0.9,0.00
-1.9,-1.3,0.00
-1.9,-1.5,0.00
-1.9,-1.6,0.00
-1.9,-1.7,0.00
-1.9,-2,0.00
-1.9,-2.1,0.00
-1.9,-2.3,0.00
-1.9,-2.4,0.00
-1.9,-2.5,0.00
-1.9,-2.6,0.00
-1.9,-2.7,0.00
-1.9,-2.8,0.00
-1.9,-2.9,0.00
-1.9,-3,0.00
-2,-3.8,0.00
-2,-2.7,0.00
-2,-2.2,0.00
-2,-1.9,0.00
-2,-1.1,0.00
-2,0.1,0.00
-2,1.1,0.00
-2,1.5,0.00
-2,2.3,0.00
-2,3,0.00
-2,2.9,0.00
-2,2.8,0.00
-2,2.7,0.00
-2,2.6,0.00
-2,2.5,0.00
-2,2.4,0.00
-2,2.2,0.00
-2,2.1,0.00
-2,2,0.00
-2,1.9,0.00
-2,1.8,0.00
-2,1.7,0.00
-2,1.6,0.00
-2,1.4,0.00
-2,1.3,0.00
-2,1.2,0.00
-2,1,0.00
-2,0.9,0.00
-2,0.8,0.00
-2,0.7,0.00
-2,0.6,0.00
-2,0.5,0.00
-2,0.4,0.00
-2,0.3,0.00
-2,0.2,0.00
-2,0,0.00
-2,-0.1,0.00
-2,-0.2,0.00
-2,-0.3,0.00
-2,-0.4,0.00
-2,-0.5,0.00
-2,-0.6,0.00
-2,-0.7,0.00
-2,-0.8,0.00
-2,-0.9,0.00
-2,-1,0.00
-2,-1.2,0.00
-2,-1.3,0.00
-2,-1.4,0.00
-2,-1.5,0.00
-2,-1.6,0.00
-2,-1.7,0.00
-2,-1.8,0.00
-2,-2,0.00
-2,-2.1,0.00
-2,-2.3,0.00
-2,-2.4,0.00
-2,-2.5,0.00
-2,-2.6,0.00
-2,-2.8,0.00
-2,-2.9,0.00
-2,-3,0.00
-2.1,-4,0.00
-2.1,-1.3,0.00
-2.1,-0.4,0.00
-2.1,-0.1,0.00
-2.1,1.1,0.00
-2.1,1.5,0.00
-2.1,2,0.00
-2.1,3,0.00
-2.1,2.9,0.00
-2.1,2.8,0.00
-2.1,2.7,0.00
-2.1,2.6,0.00
-2.1,2.5,0.00
-2.1,2.4,0.00
-2.1,2.3,0.00
-2.1,2.2,0.00
-2.1,2.1,0.00
-2.1,1.9,0.00
-2.1,1.8,0.00
-2.1,1.7,0.00
-2.1,1.6,0.00
-2.1,1.4,0.00
-2.1,1.3,0.00
-2.1,1.2,0.00
-2.1,1,0.00
-2.1,0.9,0.00
-2.1,0.8,0.00
-2.1,0.7,0.00
-2.1,0.6,0.00
-2.1,0.5,0.00
-2.1,0.4,0.00
-2.1,0.3,0.00
-2.1,0.2,0.00
-2.1,0.1,0.00
-2.1,0,0.00
-2.1,-0.2,0.00
-2.1,-0.3,0.00
-2.1,-0.5,0.00
-2.1,-0.6,0.00
-2.1,-0.7,0.00
-2.1,-0.8,0.00
-2.1,-0.9,0.00
-2.1,-1,0.00
-2.1,-1.1,0.00
-2.1,-1.2,0.00
-2.1,-1.4,0.00
-2.1,-1.5,0.00
-2.1,-1.6,0.00
-2.1,-1.7,0.00
-2.1,-1.8,0.00
-2.1,-1.9,0.00
-2.1,-2,0.00
-2.1,-2.1,0.00
-2.1,-2.2,0.00
-2.1,-2.3,0.00
-2.1,-2.4,0.00
-2.1,-2.5,0.00
-2.1,-2.6,0.00
-2.1,-2.7,0.00
-2.1,-2.8,0.00
-2.1,-2.9,0.00
-2.1,-3,0.00
-2.2,-2.8,0.00
-2.2,-2.1,0.00
-2.2,-1.9,0.00
-2.2,-1.6,0.00
-2.2,-0.5,0.00
-2.2,0.5,0.00
-2.2,0.8,0.00
-2.2,1,0.00
-2.2,1.8,0.00
-2.2,3,0.00
-2.2,2.9,0.00
-2.2,2.8,0.00
-2.2,2.7,0.00
-2.2,2.6,0.00
-2.2,2.5,0.00
-2.2,2.4,0.00
-2.2,2.3,0.00
-2.2,2.2,0.00
-2.2,2.1,0.00
-2.2,2,0.00
-2.2,1.9,0.00
-2.2,1.7,0.00
-2.2,1.6,0.00
-2.2,1.5,0.00
-2.2,1.4,0.00
-2.2,1.3,0.00
-2.2,1.2,0.00
-2.2,1.1,0.00
-2.2,0.9,0.00
-2.2,0.7,0.00
-2.2,0.6,0.00
-2.2,0.4,0.00
-2.2,0.3,0.00
-2.2,0.2,0.00
-2.2,0.1,0.00
-2.2,0,0.00
-2.2,-0.1,0.00
-2.2,-0.2,0.00
-2.2,-0.3,0.00
-2.2,-0.4,0.00
-2.2,-0.6,0.00
-2.2,-0.7,0.00
-2.2,-0.8,0.00
-2.2,-0.9,0.00
-2.2,-1,0.00
-2.2,-1.1,0.00
-2.2,-1.2,0.00
-2.2,-1.3,0.00
-2.2,-1.4,0.00
-2.2,-1.5,0.00
-2.2,-1.7,0.00
-2.2,-1.8,0.00
-2.2,-2,0.00
-2.2,-2.2,0.00
-2.2,-2.3,0.00
-2.2,-2.4,0.00
-2.2,-2.5,0.00
-2.2,-2.6,0.00
-2.2,-2.7,0.00
-2.2,-2.9,0.00
-2.2,-3,0.00
-2.3,-2.2,0.00
-2.3,-2.1,0.00
-2.3,-1.9,0.00
-2.3,-1.3,0.00
-2.3,-1.1,0.00
-2.3,-1,0.00
-2.3,0.1,0.00
-2.3,1.2,0.00
-2.3,1.3,0.00
-2.3,1.5,0.00
-2.3,2.4,0.00
-2.3,3,0.00
-2.3,2.9,0.00
-2.3,2.8,0.00
-2.3,2.7,0.00
-2.3,2.6,0.00
-2.3,2.5,0.00
-2.3,2.3,0.00
-2.3,2.2,0.00
-2.3,2.1,0.00
-2.3,2,0.00
-2.3,1.9,0.00
-2.3,1.8,0.00
-2.3,1.7,0.00
-2.3,1.6,0.00
-2.3,1.4,0.00
-2.3,1.1,0.00
-2.3,1,0.00
-2.3,0.9,0.00
-2.3,0.8,0.00
-2.3,0.7,0.00
-2.3,0.6,0.00
-2.3,0.5,0.00
-2.3,0.4,0.00
-2.3,0.3,0.00
-2.3,0.2,0.00
-2.3,0,0.00
-2.3,-0.1,0.00
-2.3,-0.2,0.00
-2.3,-0.3,0.00
-2.3,-0.4,0.00
-2.3,-0.5,0.00
-2.3,-0.6,0.00
-2.3,-0.7,0.00
-2.3,-0.8,0.00
-2.3,-0.9,0.00
-2.3,-1.2,0.00
-2.3,-1.4,0.00
-2.3,-1.5,0.00
-2.3,-1.6,0.00
-2.3,-1.7,0.00
-2.3,-1.8,0.00
-2.3,-2,0.00
-2.3,-2.3,0.00
-2.3,-2.4,0.00
-2.3,-2.5,0.00
-2.3,-2.6,0.00
-2.3,-2.7,0.00
-2.3,-2.8,0.00
-2.3,-2.9,0.00
-2.3,-3,0.00
-2.4,-1.5,0.00
-2.4,-1.3,0.00
-2.4,-0.8,0.00
-2.4,-0.2,0.00
-2.4,0,0.00
-2.4,0.6,0.00
-2.4,1.9,0.00
-2.4,3,0.00
-2.4,2.9,0.00
-2.4,2.8,0.00
-2.4,2.7,0.00
-2.4,2.6,0.00
-2.4,2.5,0.00
-2.4,2.4,0.00
-2.4,2.3,0.00
-2.4,2.2,0.00
-2.4,2.1,0.00
-2.4,2,0.00
-2.4,1.8,0.00
-2.4,1.7,0.00
-2.4,1.6,0.00
-2.4,1.5,0.00
-2.4,1.4,0.00
-2.4,1.3,0.00
-2.4,1.2,0.00
-2.4,1.1,0.00
-2.4,1,0.00
-2.4,0.9,0.00
-2.4,0.8,0.00
-2.4,0.7,0.00
-2.4,0.5,0.00
-2.4,0.4,0.00
-2.4,0.3,0.00
-2.4,0.2,0.00
-2.4,0.1,0.00
-2.4,-0.1,0.00
-2.4,-0.3,0.00
-2.4,-0.4,0.00
-2.4,-0.5,0.00
-2.4,-0.6,0.00
-2.4,-0.7,0.00
-2.4,-0.9,0.00
-2.4,-1,0.00
-2.4,-1.1,0.00
-2.4,-1.2,0.00
-2.4,-1.4,0.00
-2.4,-1.6,0.00
-2.4,-1.7,0.00
-2.4,-1.8,0.00
-2.4,-1.9,0.00
-2.4,-2,0.00
-2.4,-2.1,0.00
-2.4,-2.2,0.00
-2.4,-2.3,0.00
-2.4,-2.4,0.00
-2.4,-2.5,0.00
-2.4,-2.6,0.00
-2.4,-2.7,0.00
-2.4,-2.8,0.00
-2.4,-2.9,0.00
-2.4,-3,0.00
-2.5,-2.3,0.00
-2.5,-0.6,0.00
-2.5,3,0.00
-2.5,2.9,0.00
-2.5,2.8,0.00
-2.5,2.7,0.00
-2.5,2.6,0.00
-2.5,2.5,0.00
-2.5,2.4,0.00
-2.5,2.3,0.00
-2.5,2.2,0.00
-2.5,2.1,0.00
-2.5,2,0.00
-2.5,1.9,0.00
-2.5,1.8,0.00
-2.5,1.7,0.00
-2.5,1.6,0.00
-2.5,1.5,0.00
-2.5,1.4,0.00
-2.5,1.3,0.00
-2.5,1.2,0.00
-2.5,1.1,0.00
-2.5,1,0.00
-2.5,0.9,0.00
-2.5,0.8,0.00
-2.5,0.7,0.00
-2.5,0.6,0.00
-2.5,0.5,0.00
-2.5,0.4,0.00
-2.5,0.3,0.00
-2.5,0.2,0.00
-2.5,0.1,0.00
-2.5,0,0.00
-2.5,-0.1,0.00
-2.5,-0.2,0.00
-2.5,-0.3,0.00
-2.5,-0.4,0.00
-2.5,-0.5,0.00
-2.5,-0.7,0.00
-2.5,-0.8,0.00
-2.5,-0.9,0.00
-2.5,-1,0.00
-2.5,-1.1,0.00
-2.5,-1.2,0.00
-2.5,-1.3,0.00
-2.5,-1.4,0.00
-2.5,-1.5,0.00
-2.5,-1.6,0.00
-2.5,-1.7,0.00
-2.5,-1.8,0.00
-2.5,-1.9,0.00
-2.5,-2,0.00
-2.5,-2.1,0.00
-2.5,-2.2,0.00
-2.5,-2.4,0.00
-2.5,-2.5,0.00
-2.5,-2.6,0.00
-2.5,-2.7,0.00
-2.5,-2.8,0.00
-2.5,-2.9,0.00
-2.5,-3,0.00
-2.6,-1.7,0.00
-2.6,-1.5,0.00
-2.6,-0.6,0.00
-2.6,1.8,0.00
-2.6,3.1,0.00
-2.6,3,0.00
-2.6,2.9,0.00
-2.6,2.8,0.00
-2.6,2.7,0.00
-2.6,2.6,0.00
-2.6,2.5,0.00
-2.6,2.4,0.00
-2.6,2.3,0.00
-2.6,2.2,0.00
-2.6,2.1,0.00
-2.6,2,0.00
-2.6,1.9,0.00
-2.6,1.7,0.00
-2.6,1.6,0.00
-2.6,1.5,0.00
-2.6,1.4,0.00
-2.6,1.3,0.00
-2.6,1.2,0.00
-2.6,1.1,0.00
-2.6,1,0.00
-2.6,0.9,0.00
-2.6,0.8,0.00
-2.6,0.7,0.00
-2.6,0.6,0.00
-2.6,0.5,0.00
-2.6,0.4,0.00
-2.6,0.3,0.00
-2.6,0.2,0.00
-2.6,0.1,0.00
-2.6,0,0.00
-2.6,-0.1,0.00
-2.6,-0.2,0.00
-2.6,-0.3,0.00
-2.6,-0.4,0.00
-2.6,-0.5,0.00
-2.6,-0.7,0.00
-2.6,-0.8,0.00
-2.6,-0.9,0.00
-2.6,-1,0.00
-2.6,-1.1,0.00
-2.6,-1.2,0.00
-2.6,-1.3,0.00
-2.6,-1.4,0.00
-2.6,-1.6,0.00
-2.6,-1.8,0.00
-2.6,-1.9,0.00
-2.6,-2,0.00
-2.6,-2.1,0.00
-2.6,-2.2,0.00
-2.6,-2.3,0.00
-2.6,-2.4,0.00
-2.6,-2.5,0.00
-2.6,-2.6,0.00
-2.6,-2.7,0.00
-2.6,-2.8,0.00
-2.6,-2.9,0.00
-2.6,-3,0.00
-2.7,-3,0.00
-2.7,-2.9,0.00
-2.7,-1.8,0.00
-2.7,-1,0.00
-2.7,3,0.00
-2.7,2.9,0.00
-2.7,2.8,0.00
-2.7,2.7,0.00
-2.7,2.6,0.00
-2.7,2.5,0.00
-2.7,2.4,0.00
-2.7,2.3,0.00
-2.7,2.2,0.00
-2.7,2.1,0.00
-2.7,2,0.00
-2.7,1.9,0.00
-2.7,1.8,0.00
-2.7,1.7,0.00
-2.7,1.6,0.00
-2.7,1.5,0.00
-2.7,1.4,0.00
-2.7,1.3,0.00
-2.7,1.2,0.00
-2.7,1.1,0.00
-2.7,1,0.00
-2.7,0.9,0.00
-2.7,0.8,0.00
-2.7,0.7,0.00
-2.7,0.6,0.00
-2.7,0.5,0.00
-2.7,0.4,0.00
-2.7,0.3,0.00
-2.7,0.2,0.00
-2.7,0.1,0.00
-2.7,0,0.00
-2.7,-0.1,0.00
-2.7,-0.2,0.00
-2.7,-0.3,0.00
-2.7,-0.4,0.00
-2.7,-0.5,0.00
-2.7,-0.6,0.00
-2.7,-0.7,0.00
-2.7,-0.8,0.00
-2.7,-0.9,0.00
-2.7,-1.1,0.00
-2.7,-1.2,0.00
-2.7,-1.3,0.00
-2.7,-1.4,0.00
-2.7,-1.5,0.00
-2.7,-1.6,0.00
-2.7,-1.7,0.00
-2.7,-1.9,0.00
-2.7,-2,0.00
-2.7,-2.1,0.00
-2.7,-2.2,0.00
-2.7,-2.3,0.00
-2.7,-2.4,0.00
-2.7,-2.5,0.00
-2.7,-2.6,0.00
-2.7,-2.7,0.00
-2.7,-2.8,0.00
-2.8,3,0.00
-2.8,2.9,0.00
-2.8,2.8,0.00
-2.8,2.7,0.00
-2.8,2.6,0.00
-2.8,2.5,0.00
-2.8,2.4,0.00
-2.8,2.3,0.00
-2.8,2.2,0.00
-2.8,2.1,0.00
-2.8,2,0.00
-2.8,1.9,0.00
-2.8,1.8,0.00
-2.8,1.7,0.00
-2.8,1.6,0.00
-2.8,1.5,0.00
-2.8,1.4,0.00
-2.8,1.3,0.00
-2.8,1.2,0.00
-2.8,1.1,0.00
-2.8,1,0.00
-2.8,0.9,0.00
-2.8,0.8,0.00
-2.8,0.7,0.00
-2.8,0.6,0.00
-2.8,0.5,0.00
-2.8,0.4,0.00
-2.8,0.3,0.00
-2.8,0.2,0.00
-2.8,0.1,0.00
-2.8,0,0.00
-2.8,-0.1,0.00
-2.8,-0.2,0.00
-2.8,-0.3,0.00
-2.8,-0.4,0.00
-2.8,-0.5,0.00
-2.8,-0.6,0.00
-2.8,-0.7,0.00
-2.8,-0.8,0.00
-2.8,-0.9,0.00
-2.8,-1,0.00
-2.8,-1.1,0.00
-2.8,-1.2,0.00
-2.8,-1.3,0.00
-2.8,-1.4,0.00
-2.8,-1.5,0.00
-2.8,-1.6,0.00
-2.8,-1.7,0.00
-2.8,-1.8,0.00
-2.8,-1.9,0.00
-2.8,-2,0.00
-2.8,-2.1,0.00
-2.8,-2.2,0.00
-2.8,-2.3,0.00
-2.8,-2.4,0.00
-2.8,-2.5,0.00
-2.8,-2.6,0.00
-2.8,-2.7,0.00
-2.8,-2.8,0.00
-2.8,-2.9,0.00
-2.8,-3,0.00
-2.9,-3.3,0.00
-2.9,-1.6,0.00
-2.9,3,0.00
-2.9,2.9,0.00
-2.9,2.8,0.00
-2.9,2.7,0.00
-2.9,2.6,0.00
-2.9,2.5,0.00
-2.9,2.4,0.00
-2.9,2.3,0.00
-2.9,2.2,0.00
-2.9,2.1,0.00
-2.9,2,0.00
-2.9,1.9,0.00
-2.9,1.8,0.00
-2.9,1.7,0.00
-2.9,1.6,0.00
-2.9,1.5,0.00
-2.9,1.4,0.00
-2.9,1.3,0.00
-2.9,1.2,0.00
-2.9,1.1,0.00
-2.9,1,0.00
-2.9,0.9,0.00
-2.9,0.8,0.00
-2.9,0.7,0.00
-2.9,0.6,0.00
-2.9,0.5,0.00
-2.9,0.4,0.00
-2.9,0.3,0.00
-2.9,0.2,0.00
-2.9,0.1,0.00
-2.9,0,0.00
-2.9,-0.1,0.00
-2.9,-0.2,0.00
-2.9,-0.3,0.00
-2.9,-0.4,0.00
-2.9,-0.5,0.00
-2.9,-0.6,0.00
-2.9,-0.7,0.00
-2.9,-0.8,0.00
-2.9,-0.9,0.00
-2.9,-1,0.00
-2.9,-1.1,0.00
-2.9,-1.2,0.00
-2.9,-1.3,0.00
-2.9,-1.4,0.00
-2.9,-1.5,0.00
-2.9,-1.7,0.00
-2.9,-1.8,0.00
-2.9,-1.9,0.00
-2.9,-2,0.00
-2.9,-2.1,0.00
-2.9,-2.2,0.00
-2.9,-2.3,0.00
-2.9,-2.4,0.00
-2.9,-2.5,0.00
-2.9,-2.6,0.00
-2.9,-2.7,0.00
-2.9,-2.8,0.00
-2.9,-2.9,0.00
-2.9,-3,0.00
-3,-2.1,0.00
-3,0.3,0.00
-3,3,0.00
-3,2.9,0.00
-3,2.8,0.00
-3,2.7,0.00
-3,2.6,0.00
-3,2.5,0.00
-3,2.4,0.00
-3,2.3,0.00
-3,2.2,0.00
-3,2.1,0.00
-3,2,0.00
-3,1.9,0.00
-3,1.8,0.00
-3,1.7,0.00
-3,1.6,0.00
-3,1.5,0.00
-3,1.4,0.00
-3,1.3,0.00
-3,1.2,0.00
-3,1.1,0.00
-3,1,0.00
-3,0.9,0.00
-3,0.8,0.00
-3,0.7,0.00
-3,0.6,0.00
-3,0.5,0.00
-3,0.4,0.00
-3,0.2,0.00
-3,0.1,0.00
-3,0,0.00
-3,-0.1,0.00
-3,-0.2,0.00
-3,-0.3,0.00
-3,-0.4,0.00
-3,-0.5,0.00
-3,-0.6,0.00
-3,-0.7,0.00
-3,-0.8,0.00
-3,-0.9,0.00
-3,-1,0.00
-3,-1.1,0.00
-3,-1.2,0.00
-3,-1.3,0.00
-3,-1.4,0.00
-3,-1.5,0.00
-3,-1.6,0.00
-3,-1.7,0.00
-3,-1.8,0.00
-3,-1.9,0.00
-3,-2,0.00
-3,-2.2,0.00
-3,-2.3,0.00
-3,-2.4,0.00
-3,-2.5,0.00
-3,-2.6,0.00
-3,-2.7,0.00
-3,-2.8,0.00
-3,-2.9,0.00
-3,-3,0.00
-3.1,0.3,0.00
-3.1,3,0.00
-3.1,2.9,0.00
-3.1,2.8,0.00
-3.1,2.7,0.00
-3.1,2.6,0.00
-3.1,2.5,0.00
-3.1,2.4,0.00
-3.1,2.3,0.00
-3.1,2.2,0.00
-3.1,2.1,0.00
-3.1,2,0.00
-3.1,1.9,0.00
-3.1,1.8,0.00
-3.1,1.7,0.00
-3.1,1.6,0.00
-3.1,1.5,0.00
-3.1,1.4,0.00
-3.1,1.3,0.00
-3.1,1.2,0.00
-3.1,1.1,0.00
-3.1,1,0.00
-3.1,0.9,0.00
-3.1,0.8,0.00
-3.1,0.7,0.00
-3.1,0.6,0.00
-3.1,0.5,0.00
-3.1,0.4,0.00
-3.1,0.2,0.00
-3.1,0.1,0.00
-3.1,0,0.00
-3.1,-0.1,0.00
-3.1,-0.2,0.00
-3.1,-0.3,0.00
-3.1,-0.4,0.00
-3.1,-0.5,0.00
-3.1,-0.6,0.00
-3.1,-0.7,0.00
-3.1,-0.8,0.00
-3.1,-0.9,0.00
-3.1,-1,0.00
-3.1,-1.1,0.00
-3.1,-1.2,0.00
-3.1,-1.3,0.00
-3.1,-1.4,0.00
-3.1,-1.5,0.00
-3.1,-1.6,0.00
-3.1,-1.7,0.00
-3.1,-1.8,0.00
-3.1,-1.9,0.00
-3.1,-2,0.00
-3.1,-2.1,0.00
-3.1,-2.2,0.00
-3.1,-2.3,0.00
-3.1,-2.4,0.00
-3.1,-2.5,0.00
-3.1,-2.6,0.00
-3.1,-2.7,0.00
-3.1,-2.8,0.00
-3.1,-2.9,0.00
-3.1,-3,0.00
-3.2,-3.6,0.00
-3.2,3,0.00
-3.2,2.9,0.00
-3.2,2.8,0.00
-3.2,2.7,0.00
-3.2,2.6,0.00
-3.2,2.5,0.00
-3.2,2.4,0.00
-3.2,2.3,0.00
-3.2,2.2,0.00
-3.2,2.1,0.00
-3.2,2,0.00
-3.2,1.9,0.00
-3.2,1.8,0.00
-3.2,1.7,0.00
-3.2,1.6,0.00
-3.2,1.5,0.00
-3.2,1.4,0.00
-3.2,1.3,0.00
-3.2,1.2,0.00
-3.2,1.1,0.00
-3.2,1,0.00
-3.2,0.9,0.00
-3.2,0.8,0.00
-3.2,0.7,0.00
-3.2,0.6,0.00
-3.2,0.5,0.00
-3.2,0.4,0.00
-3.2,0.3,0.00
-3.2,0.2,0.00
-3.2,0.1,0.00
-3.2,0,0.00
-3.2,-0.1,0.00
-3.2,-0.2,0.00
-3.2,-0.3,0.00
-3.2,-0.4,0.00
-3.2,-0.5,0.00
-3.2,-0.6,0.00
-3.2,-0.7,0.00
-3.2,-0.8,0.00
-3.2,-0.9,0.00
-3.2,-1,0.00
-3.2,-1.1,0.00
-3.2,-1.2,0.00
-3.2,-1.3,0.00
-3.2,-1.4,0.00
-3.2,-1.5,0.00
-3.2,-1.6,0.00
-3.2,-1.7,0.00
-3.2,-1.8,0.00
-3.2,-1.9,0.00
-3.2,-2,0.00
-3.2,-2.1,0.00
-3.2,-2.2,0.00
-3.2,-2.3,0.00
-3.2,-2.4,0.00
-3.2,-2.5,0.00
-3.2,-2.6,0.00
-3.2,-2.7,0.00
-3.2,-2.8,0.00
-3.2,-2.9,0.00
-3.2,-3,0.00
-3.3,-2.7,0.00
-3.3,-1.9,0.00
-3.3,-0.7,0.00
-3.3,3,0.00
-3.3,2.9,0.00
-3.3,2.8,0.00
-3.3,2.7,0.00
-3.3,2.6,0.00
-3.3,2.5,0.00
-3.3,2.4,0.00
-3.3,2.3,0.00
-3.3,2.2,0.00
-3.3,2.1,0.00
-3.3,2,0.00
-3.3,1.9,0.00
-3.3,1.8,0.00
-3.3,1.7,0.00
-3.3,1.6,0.00
-3.3,1.5,0.00
-3.3,1.4,0.00
-3.3,1.3,0.00
-3.3,1.2,0.00
-3.3,1.1,0.00
-3.3,1,0.00
-3.3,0.9,0.00
-3.3,0.8,0.00
-3.3,0.7,0.00
-3.3,0.6,0.00
-3.3,0.5,0.00
-3.3,0.4,0.00
-3.3,0.3,0.00
-3.3,0.2,0.00
-3.3,0.1,0.00
-3.3,0,0.00
-3.3,-0.1,0.00
-3.3,-0.2,0.00
-3.3,-0.3,0.00
-3.3,-0.4,0.00
-3.3,-0.5,0.00
-3.3,-0.6,0.00
-3.3,-0.8,0.00
-3.3,-0.9,0.00
-3.3,-1,0.00
-3.3,-1.1,0.00
-3.3,-1.2,0.00
-3.3,-1.3,0.00
-3.3,-1.4,0.00
-3.3,-1.5,0.00
-3.3,-1.6,0.00
-3.3,-1.7,0.00
-3.3,-1.8,0.00
-3.3,-2,0.00
-3.3,-2.1,0.00
-3.3,-2.2,0.00
-3.3,-2.3,0.00
-3.3,-2.4,0.00
-3.3,-2.5,0.00
-3.3,-2.6,0.00
-3.3,-2.8,0.00
-3.3,-2.9,0.00
-3.3,-3,0.00
-3.4,3,0.00
-3.4,2.9,0.00
-3.4,2.8,0.00
-3.4,2.7,0.00
-3.4,2.6,0.00
-3.4,2.5,0.00
-3.4,2.4,0.00
-3.4,2.3,0.00
-3.4,2.2,0.00
-3.4,2.1,0.00
-3.4,2,0.00
-3.4,1.9,0.00
-3.4,1.8,0.00
-3.4,1.7,0.00
-3.4,1.6,0.00
-3.4,1.5,0.00
-3.4,1.4,0.00
-3.4,1.3,0.00
-3.4,1.2,0.00
-3.4,1.1,0.00
-3.4,1,0.00
-3.4,0.9,0.00
-3.4,0.8,0.00
-3.4,0.7,0.00
-3.4,0.6,0.00
-3.4,0.5,0.00
-3.4,0.4,0.00
-3.4,0.3,0.00
-3.4,0.2,0.00
-3.4,0.1,0.00
-3.4,0,0.00
-3.4,-0.1,0.00
-3.4,-0.2,0.00
-3.4,-0.3,0.00
-3.4,-0.4,0.00
-3.4,-0.5,0.00
-3.4,-0.6,0.00
-3.4,-0.7,0.00
-3.4,-0.8,0.00
-3.4,-0.9,0.00
-3.4,-1,0.00
-3.4,-1.1,0.00
-3.4,-1.2,0.00
-3.4,-1.3,0.00
-3.4,-1.4,0.00
-3.4,-1.5,0.00
-3.4,-1.6,0.00
-3.4,-1.7,0.00
-3.4,-1.8,0.00
-3.4,-1.9,0.00
-3.4,-2,0.00
-3.4,-2.1,0.00
-3.4,-2.2,0.00
-3.4,-2.3,0.00
-3.4,-2.4,0.00
-3.4,-2.5,0.00
-3.4,-2.6,0.00
-3.4,-2.7,0.00
-3.4,-2.8,0.00
-3.4,-2.9,0.00
-3.4,-3,0.00
-3.5,-2.1,0.00
-3.5,3,0.00
-3.5,2.9,0.00
-3.5,2.8,0.00
-3.5,2.7,0.00
-3.5,2.6,0.00
-3.5,2.5,0.00
-3.5,2.4,0.00
-3.5,2.3,0.00
-3.5,2.2,0.00
-3.5,2.1,0.00
-3.5,2,0.00
-3.5,1.9,0.00
-3.5,1.8,0.00
-3.5,1.7,0.00
-3.5,1.6,0.00
-3.5,1.5,0.00
-3.5,1.4,0.00
-3.5,1.3,0.00
-3.5,1.2,0.00
-3.5,1.1,0.00
-3.5,1,0.00
-3.5,0.9,0.00
-3.5,0.8,0.00
-3.5,0.7,0.00
-3.5,0.6,0.00
-3.5,0.5,0.00
-3.5,0.4,0.00
-3.5,0.3,0.00
-3.5,0.2,0.00
-3.5,0.1,0.00
-3.5,0,0.00
-3.5,-0.1,0.00
-3.5,-0.2,0.00
-3.5,-0.3,0.00
-3.5,-0.4,0.00
-3.5,-0.5,0.00
-3.5,-0.6,0.00
-3.5,-0.7,0.00
-3.5,-0.8,0.00
-3.5,-0.9,0.00
-3.5,-1,0.00
-3.5,-1.1,0.00
-3.5,-1.2,0.00
-3.5,-1.3,0.00
-3.5,-1.4,0.00
-3.5,-1.5,0.00
-3.5,-1.6,0.00
-3.5,-1.7,0.00
-3.5,-1.8,0.00
-3.5,-1.9,0.00
-3.5,-2,0.00
-3.5,-2.2,0.00
-3.5,-2.3,0.00
-3.5,-2.4,0.00
-3.5,-2.5,0.00
-3.5,-2.6,0.00
-3.5,-2.7,0.00
-3.5,-2.8,0.00
-3.5,-2.9,0.00
-3.5,-3,0.00
-3.6,-0.8,0.00
-3.6,3,0.00
-3.6,2.9,0.00
-3.6,2.8,0.00
-3.6,2.7,0.00
-3.6,2.6,0.00
-3.6,2.5,0.00
-3.6,2.4,0.00
-3.6,2.3,0.00
-3.6,2.2,0.00
-3.6,2.1,0.00
-3.6,2,0.00
-3.6,1.9,0.00
-3.6,1.8,0.00
-3.6,1.7,0.00
-3.6,1.6,0.00
-3.6,1.5,0.00
-3.6,1.4,0.00
-3.6,1.3,0.00
-3.6,1.2,0.00
-3.6,1.1,0.00
-3.6,1,0.00
-3.6,0.9,0.00
-3.6,0.8,0.00
-3.6,0.7,0.00
-3.6,0.6,0.00
-3.6,0.5,0.00
-3.6,0.4,0.00
-3.6,0.3,0.00
-3.6,0.2,0.00
-3.6,0.1,0.00
-3.6,0,0.00
-3.6,-0.1,0.00
-3.6,-0.2,0.00
-3.6,-0.3,0.00
-3.6,-0.4,0.00
-3.6,-0.5,0.00
-3.6,-0.6,0.00
-3.6,-0.7,0.00
-3.6,-0.9,0.00
-3.6,-1,0.00
-3.6,-1.1,0.00
-3.6,-1.2,0.00
-3.6,-1.3,0.00
-3.6,-1.4,0.00
-3.6,-1.5,0.00
-3.6,-1.6,0.00
-3.6,-1.7,0.00
-3.6,-1.8,0.00
-3.6,-1.9,0.00
-3.6,-2,0.00
-3.6,-2.1,0.00
-3.6,-2.2,0.00
-3.6,-2.3,0.00
-3.6,-2.4,0.00
-3.6,-2.5,0.00
-3.6,-2.6,0.00
-3.6,-2.7,0.00
-3.6,-2.8,0.00
-3.6,-2.9,0.00
-3.6,-3,0.00
-3.7,3,0.00
-3.7,2.9,0.00
-3.7,2.8,0.00
-3.7,2.7,0.00
-3.7,2.6,0.00
-3.7,2.5,0.00
-3.7,2.4,0.00
-3.7,2.3,0.00
-3.7,2.2,0.00
-3.7,2.1,0.00
-3.7,2,0.00
-3.7,1.9,0.00
-3.7,1.8,0.00
-3.7,1.7,0.00
-3.7,1.6,0.00
-3.7,1.5,0.00
-3.7,1.4,0.00
-3.7,1.3,0.00
-3.7,1.2,0.00
-3.7,1.1,0.00
-3.7,1,0.00
-3.7,0.9,0.00
-3.7,0.8,0.00
-3.7,0.7,0.00
-3.7,0.6,0.00
-3.7,0.5,0.00
-3.7,0.4,0.00
-3.7,0.3,0.00
-3.7,0.2,0.00
-3.7,0.1,0.00
-3.7,0,0.00
-3.7,-0.1,0.00
-3.7,-0.2,0.00
-3.7,-0.3,0.00
-3.7,-0.4,0.00
-3.7,-0.5,0.00
-3.7,-0.6,0.00
-3.7,-0.7,0.00
-3.7,-0.8,0.00
-3.7,-0.9,0.00
-3.7,-1,0.00
-3.7,-1.1,0.00
-3.7,-1.2,0.00
-3.7,-1.3,0.00
-3.7,-1.4,0.00
-3.7,-1.5,0.00
-3.7,-1.6,0.00
-3.7,-1.7,0.00
-3.7,-1.8,0.00
-3.7,-1.9,0.00
-3.7,-2,0.00
-3.7,-2.1,0.00
-3.7,-2.2,0.00
-3.7,-2.3,0.00
-3.7,-2.4,0.00
-3.7,-2.5,0.00
-3.7,-2.6,0.00
-3.7,-2.7,0.00
-3.7,-2.8,0.00
-3.7,-2.9,0.00
-3.7,-3,0.00
-3.8,3,0.00
-3.8,2.9,0.00
-3.8,2.8,0.00
-3.8,2.7,0.00
-3.8,2.6,0.00
-3.8,2.5,0.00
-3.8,2.4,0.00
-3.8,2.3,0.00
-3.8,2.2,0.00
-3.8,2.1,0.00
-3.8,2,0.00
-3.8,1.9,0.00
-3.8,1.8,0.00
-3.8,1.7,0.00
-3.8,1.6,0.00
-3.8,1.5,0.00
-3.8,1.4,0.00
-3.8,1.3,0.00
-3.8,1.2,0.00
-3.8,1.1,0.00
-3.8,1,0.00
-3.8,0.9,0.00
-3.8,0.8,0.00
-3.8,0.7,0.00
-3.8,0.6,0.00
-3.8,0.5,0.00
-3.8,0.4,0.00
-3.8,0.3,0.00
-3.8,0.2,0.00
-3.8,0.1,0.00
-3.8,0,0.00
-3.8,-0.1,0.00
-3.8,-0.2,0.00
-3.8,-0.3,0.00
-3.8,-0.4,0.00
-3.8,-0.5,0.00
-3.8,-0.6,0.00
-3.8,-0.7,0.00
-3.8,-0.8,0.00
-3.8,-0.9,0.00
-3.8,-1,0.00
-3.8,-1.1,0.00
-3.8,-1.2,0.00
-3.8,-1.3,0.00
-3.8,-1.4,0.00
-3.8,-1.5,0.00
-3.8,-1.6,0.00
-3.8,-1.7,0.00
-3.8,-1.8,0.00
-3.8,-1.9,0.00
-3.8,-2,0.00
-3.8,-2.1,0.00
-3.8,-2.2,0.00
-3.8,-2.3,0.00
-3.8,-2.4,0.00
-3.8,-2.5,0.00
-3.8,-2.6,0.00
-3.8,-2.7,0.00
-3.8,-2.8,0.00
-3.8,-2.9,0.00
-3.8,-3,0.00
-3.9,3,0.00
-3.9,2.9,0.00
-3.9,2.8,0.00
-3.9,2.7,0.00
-3.9,2.6,0.00
-3.9,2.5,0.00
-3.9,2.4,0.00
-3.9,2.3,0.00
-3.9,2.2,0.00
-3.9,2.1,0.00
-3.9,2,0.00
-3.9,1.9,0.00
-3.9,1.8,0.00
-3.9,1.7,0.00
-3.9,1.6,0.00
-3.9,1.5,0.00
-3.9,1.4,0.00
-3.9,1.3,0.00
-3.9,1.2,0.00
-3.9,1.1,0.00
-3.9,1,0.00
-3.9,0.9,0.00
-3.9,0.8,0.00
-3.9,0.7,0.00
-3.9,0.6,0.00
-3.9,0.5,0.00
-3.9,0.4,0.00
-3.9,0.3,0.00
-3.9,0.2,0.00
-3.9,0.1,0.00
-3.9,0,0.00
-3.9,-0.1,0.00
-3.9,-0.2,0.00
-3.9,-0.3,0.00
-3.9,-0.4,0.00
-3.9,-0.5,0.00
-3.9,-0.6,0.00
-3.9,-0.7,0.00
-3.9,-0.8,0.00
-3.9,-0.9,0.00
-3.9,-1,0.00
-3.9,-1.1,0.00
-3.9,-1.2,0.00
-3.9,-1.3,0.00
-3.9,-1.4,0.00
-3.9,-1.5,0.00
-3.9,-1.6,0.00
-3.9,-1.7,0.00
-3.9,-1.8,0.00
-3.9,-1.9,0.00
-3.9,-2,0.00
-3.9,-2.1,0.00
-3.9,-2.2,0.00
-3.9,-2.3,0.00
-3.9,-2.4,0.00
-3.9,-2.5,0.00
-3.9,-2.6,0.00
-3.9,-2.7,0.00
-3.9,-2.8,0.00
-3.9,-2.9,0.00
-3.9,-3,0.00
-4,3,0.00
-4,2.9,0.00
-4,2.8,0.00
-4,2.7,0.00
-4,2.6,0.00
-4,2.5,0.00
-4,2.4,0.00
-4,2.3,0.00
-4,2.2,0.00
-4,2.1,0.00
-4,2,0.00
-4,1.9,0.00
-4,1.8,0.00
-4,1.7,0.00
-4,1.6,0.00
-4,1.5,0.00
-4,1.4,0.00
-4,1.3,0.00
-4,1.2,0.00
-4,1.1,0.00
-4,1,0.00
-4,0.9,0.00
-4,0.8,0.00
-4,0.7,0.00
-4,0.6,0.00
-4,0.5,0.00
-4,0.4,0.00
-4,0.3,0.00
-4,0.2,0.00
-4,0.1,0.00
-4,0,0.00
-4,-0.1,0.00
-4,-0.2,0.00
-4,-0.3,0.00
-4,-0.4,0.00
-4,-0.5,0.00
-4,-0.6,0.00
-4,-0.7,0.00
-4,-0.8,0.00
-4,-0.9,0.00
-4,-1,0.00
-4,-1.1,0.00
-4,-1.2,0.00
-4,-1.3,0.00
-4,-1.4,0.00
-4,-1.5,0.00
-4,-1.6,0.00
-4,-1.7,0.00
-4,-1.8,0.00
-4,-1.9,0.00
-4,-2,0.00
-4,-2.1,0.00
-4,-2.2,0.00
-4,-2.3,0.00
-4,-2.4,0.00
-4,-2.5,0.00
-4,-2.6,0.00
-4,-2.7,0.00
-4,-2.8,0.00
-4,-2.9,0.00
-4,-3,0.00
-4.1,-1.4,0.00
-4.1,3,0.00
-4.1,2.9,0.00
-4.1,2.8,0.00
-4.1,2.7,0.00
-4.1,2.6,0.00
-4.1,2.5,0.00
-4.1,2.4,0.00
-4.1,2.3,0.00
-4.1,2.2,0.00
-4.1,2.1,0.00
-4.1,2,0.00
-4.1,1.9,0.00
-4.1,1.8,0.00
-4.1,1.7,0.00
-4.1,1.6,0.00
-4.1,1.5,0.00
-4.1,1.4,0.00
-4.1,1.3,0.00
-4.1,1.2,0.00
-4.1,1.1,0.00
-4.1,1,0.00
-4.1,0.9,0.00
-4.1,0.8,0.00
-4.1,0.7,0.00
-4.1,0.6,0.00
-4.1,0.5,0.00
-4.1,0.4,0.00
-4.1,0.3,0.00
-4.1,0.2,0.00
-4.1,0.1,0.00
-4.1,0,0.00
-4.1,-0.1,0.00
-4.1,-0.2,0.00
-4.1,-0.3,0.00
-4.1,-0.4,0.00
-4.1,-0.5,0.00
-4.1,-0.6,0.00
-4.1,-0.7,0.00
-4.1,-0.8,0.00
-4.1,-0.9,0.00
-4.1,-1,0.00
-4.1,-1.1,0.00
-4.1,-1.2,0.00
-4.1,-1.3,0.00
-4.1,-1.5,0.00
-4.1,-1.6,0.00
-4.1,-1.7,0.00
-4.1,-1.8,0.00
-4.1,-1.9,0.00
-4.1,-2,0.00
-4.1,-2.1,0.00
-4.1,-2.2,0.00
-4.1,-2.3,0.00
-4.1,-2.4,0.00
-4.1,-2.5,0.00
-4.1,-2.6,0.00
-4.1,-2.7,0.00
-4.1,-2.8,0.00
-4.1,-2.9,0.00
-4.1,-3,0.00
-4.2,3,0.00
-4.2,2.9,0.00
-4.2,2.8,0.00
-4.2,2.7,0.00
-4.2,2.6,0.00
-4.2,2.5,0.00
-4.2,2.4,0.00
-4.2,2.3,0.00
-4.2,2.2,0.00
-4.2,2.1,0.00
-4.2,2,0.00
-4.2,1.9,0.00
-4.2,1.8,0.00
-4.2,1.7,0.00
-4.2,1.6,0.00
-4.2,1.5,0.00
-4.2,1.4,0.00
-4.2,1.3,0.00
-4.2,1.2,0.00
-4.2,1.1,0.00
-4.2,1,0.00
-4.2,0.9,0.00
-4.2,0.8,0.00
-4.2,0.7,0.00
-4.2,0.6,0.00
-4.2,0.5,0.00
-4.2,0.4,0.00
-4.2,0.3,0.00
-4.2,0.2,0.00
-4.2,0.1,0.00
-4.2,0,0.00
-4.2,-0.1,0.00
-4.2,-0.2,0.00
-4.2,-0.3,0.00
-4.2,-0.4,0.00
-4.2,-0.5,0.00
-4.2,-0.6,0.00
-4.2,-0.7,0.00
-4.2,-0.8,0.00
-4.2,-0.9,0.00
-4.2,-1,0.00
-4.2,-1.1,0.00
-4.2,-1.2,0.00
-4.2,-1.3,0.00
-4.2,-1.4,0.00
-4.2,-1.5,0.00
-4.2,-1.6,0.00
-4.2,-1.7,0.00
-4.2,-1.8,0.00
-4.2,-1.9,0.00
-4.2,-2,0.00
-4.2,-2.1,0.00
-4.2,-2.2,0.00
-4.2,-2.3,0.00
-4.2,-2.4,0.00
-4.2,-2.5,0.00
-4.2,-2.6,0.00
-4.2,-2.7,0.00
-4.2,-2.8,0.00
-4.2,-2.9,0.00
-4.2,-3,0.00
-4.4,-1.7,0.00